from,to,share
NLD,ABW,0.512453850682748
USA,ABW,0.2839788884650873
CUW,ABW,0.05402137216146371
SXM,ABW,0.036827822989592224
BEL,ABW,0.029229311515925713
GBR,ABW,0.026742738808039256
IRN,AFG,0.4112964760155876
PAK,AFG,0.18561274080346735
SAU,AFG,0.11332979071987344
DEU,AFG,0.08130342144707346
USA,AFG,0.04068440873388127
TUR,AFG,0.02736996073438816
PRT,AGO,0.3044883878662199
COD,AGO,0.21906918103365722
ZAF,AGO,0.06767502285233287
NAM,AGO,0.05342753682891484
COG,AGO,0.05069845040201494
MOZ,AGO,0.048375694381497435
FRA,AGO,0.04569752025089535
USA,AGO,0.04218216801627125
ZMB,AGO,0.038886672982814265
GBR,AGO,0.024935909855206627
ITA,ALB,0.3765242556954316
GRC,ALB,0.31558072443330126
USA,ALB,0.07562927053378754
DEU,ALB,0.07002376946257817
MKD,ALB,0.04480246697981791
GBR,ALB,0.030831107823393912
FRA,ALB,0.025778929310327506
ESP,ARG,0.2782627113364055
USA,ARG,0.19373192164392689
CHL,ARG,0.07143958750257855
ITA,ARG,0.06617109927866302
PRY,ARG,0.05449571772504439
BOL,ARG,0.04195252792893501
ISR,ARG,0.03304061169077135
BRA,ARG,0.032530152850927314
URY,ARG,0.02910351415451969
PER,ARG,0.02366742683984834
RUS,ARM,0.6147731216078646
USA,ARM,0.12289607431343852
UKR,ARM,0.050626176156305804
FRA,ARM,0.045255530044219144
DEU,ARM,0.03475745728237913
USA,ATG,0.7138056941762125
GBR,ATG,0.08847582509988694
VIR,ATG,0.06065941660721382
GIN,ATG,0.05653436473680172
CAN,ATG,0.0368858704497589
GBR,AUS,0.2552661895413487
USA,AUS,0.1623277580789582
NZL,AUS,0.14118008879900398
CAN,AUS,0.037416369533166516
GRC,AUS,0.033958017837720525
ITA,AUS,0.031001711485973263
DEU,AUS,0.025614724599144476
MLT,AUS,0.021548444571672296
DEU,AUT,0.3679699688713493
CHE,AUT,0.11776548659123125
USA,AUT,0.08405004673476207
TUR,AUT,0.04746518366268983
GBR,AUT,0.041556581244973724
CAN,AUT,0.03350171679915402
AUS,AUT,0.031280836329085265
ITA,AUT,0.029849340429279666
HUN,AUT,0.025440961423705506
ESP,AUT,0.022868588819116572
RUS,AZE,0.6580556753926039
TUR,AZE,0.08329777030518856
UKR,AZE,0.06560731837400394
KAZ,AZE,0.042405818575683714
USA,AZE,0.030837863556984292
DEU,AZE,0.02615794356111717
TZA,BDI,0.3385439778462099
RWA,BDI,0.18993799722153493
UGA,BDI,0.0727470467007398
COD,BDI,0.07166601849886321
BEL,BDI,0.05914321133017068
CAN,BDI,0.05232914774021731
KEN,BDI,0.02724506293036721
GBR,BDI,0.02380844093030256
SWE,BDI,0.023344308885369827
ZAF,BDI,0.022078150708334514
FRA,BEL,0.2796228860089331
NLD,BEL,0.10948082858269376
ITA,BEL,0.07535607343427171
ESP,BEL,0.06943385916432782
USA,BEL,0.06061366917259295
GBR,BEL,0.05299903070677277
DEU,BEL,0.051389997415013815
TUR,BEL,0.05041575537135556
LUX,BEL,0.03768670455352919
CAN,BEL,0.03486823326660098
NGA,BEN,0.5203894487402719
CIV,BEN,0.09881893261188805
TGO,BEN,0.09376859159913051
GAB,BEN,0.0872358498752702
FRA,BEN,0.06801198384406863
NER,BEN,0.029655143548045212
GHA,BEN,0.027829555403323655
CIV,BFA,0.8363759794213057
GHA,BFA,0.041348622126497134
MLI,BFA,0.031962825332981254
FRA,BFA,0.02712077282490855
IND,BGD,0.25883207505851374
SAU,BGD,0.18591072401495512
ARE,BGD,0.1748189879337645
KWT,BGD,0.05856484080054295
MYS,BGD,0.053873011076910275
QAT,BGD,0.046274220188335005
USA,BGD,0.04243998096997988
OMN,BGD,0.041045839714842366
GBR,BGD,0.036859430645345914
ITA,BGD,0.021207756462316703
DEU,BGR,0.26807552776874255
TUR,BGR,0.2196958459479655
ESP,BGR,0.11617721516273574
GBR,BGR,0.07794005654787464
USA,BGR,0.047941559393695155
GRC,BGR,0.04535455148871122
ITA,BGR,0.03302433692091003
BEL,BGR,0.02756334195292316
NLD,BGR,0.025465545136210865
AUT,BGR,0.02145637774737648
HRV,BIH,0.21851427846727906
SRB,BIH,0.18552403184431632
DEU,BIH,0.13770633577140637
AUT,BIH,0.10768605863691956
SVN,BIH,0.07838611049840596
USA,BIH,0.06560914851621838
SWE,BIH,0.03746610184781201
CHE,BIH,0.03730419524171302
CAN,BIH,0.023603093949904907
AUS,BIH,0.021160484530651606
RUS,BLR,0.5084176276344614
UKR,BLR,0.1579532358225375
POL,BLR,0.06749104755533215
USA,BLR,0.048910503137061585
KAZ,BLR,0.0471677070740983
LTU,BLR,0.027124110120356572
LVA,BLR,0.025742797429114294
DEU,BLR,0.02029631354607485
USA,BLZ,0.8548984893693103
CAN,BLZ,0.03614643130261139
MEX,BLZ,0.028874817129850024
GBR,BLZ,0.02818702467990698
USA,BMU,0.6230376394930963
GBR,BMU,0.2257896727822962
CAN,BMU,0.09386230376394933
AUS,BMU,0.027898619254775867
ARG,BOL,0.4353078095006439
ESP,BOL,0.1822990733280066
CHL,BOL,0.13618465540526
USA,BOL,0.10352326994985675
BRA,BOL,0.047866281250852835
PER,BOL,0.026686270465562656
USA,BRA,0.2793354829191104
JPN,BRA,0.10266755043940586
PRT,BRA,0.0748297417574564
ITA,BRA,0.06499973575760876
ESP,BRA,0.06318502708904557
GBR,BRA,0.051406833013309575
FRA,BRA,0.04832112169347943
DEU,BRA,0.03717622049905222
PRY,BRA,0.035039929959553524
AUS,BRA,0.02740452281084761
NPL,BTN,0.437687568288727
AUS,BTN,0.26384439643083546
IND,BTN,0.15020344954945114
CAN,BTN,0.09287442020653794
ZAF,BWA,0.7748853059984562
GBR,BWA,0.06132755269878579
ZWE,BWA,0.0593349521086485
AUS,BWA,0.02934448823742146
USA,CAN,0.6332104441915368
GBR,CAN,0.06935603041409207
AUS,CAN,0.04273860041517645
FRA,CAN,0.02071631973645518
ITA,CHE,0.27017475719259654
FRA,CHE,0.1369023887755327
DEU,CHE,0.1348804227276291
ESP,CHE,0.09101731617916976
USA,CHE,0.06920979220602405
GBR,CHE,0.034106615596913095
CAN,CHE,0.029569450699120862
PRT,CHE,0.026775907022381012
AUT,CHE,0.02318338389447241
LIE,CHE,0.021412360851087518
ARG,CHL,0.31453811543801474
USA,CHL,0.16352313624151757
ESP,CHL,0.09446850632634281
AUS,CHL,0.05508900013810691
CAN,CHL,0.04501453791555902
SWE,CHL,0.044468473225469804
BRA,CHL,0.028641943280715145
DEU,CHL,0.028120919774686424
FRA,CHL,0.025794315076255275
PER,CHL,0.025746470243406677
USA,CHN,0.23944881022427908
HKG,CHN,0.22510735099056337
KOR,CHN,0.07094397638673847
JPN,CHN,0.06799892047282134
AUS,CHN,0.06356678490996522
CAN,CHN,0.06246182760602315
SGP,CHN,0.04247212968843012
MAC,CHN,0.028188935634126493
GBR,CHN,0.023355792433051473
ITA,CHN,0.02292434165772762
BFA,CIV,0.41756517205416244
FRA,CIV,0.16484831125378796
MLI,CIV,0.14505586686079294
GHA,CIV,0.055759645707223186
USA,CIV,0.05301740464169909
ITA,CIV,0.03747112633995278
BEN,CIV,0.02552262995326047
FRA,CMR,0.26912246427605047
USA,CMR,0.18843839948354385
GAB,CMR,0.08405216343056553
NGA,CMR,0.07235545494306933
DEU,CMR,0.06882160314116438
BEL,CMR,0.05844512893571048
CAN,CMR,0.0473522089197127
TCD,CMR,0.04664981273833857
ITA,CMR,0.034691929620963805
CHE,CMR,0.023234010971286675
UGA,COD,0.14240818580893488
FRA,COD,0.12303278849815327
BEL,COD,0.11112511862360033
RWA,COD,0.08538084562788414
USA,COD,0.07130450408621056
COG,COD,0.06326194027007567
BDI,COD,0.060927557942284195
AGO,COD,0.04140938945263484
ZAF,COD,0.039764950726472965
CAN,COD,0.03271564541461116
USA,COL,0.2955577755188559
VEN,COL,0.2729932809473905
ESP,COL,0.14991663719221837
ECU,COL,0.06052384778297162
CHL,COL,0.0549611690666666
CAN,COL,0.025940860369268154
FRA,COM,0.9263986189021755
MDG,COM,0.03754237679761729
LBY,COM,0.021545236965942495
PRT,CPV,0.32271941650237557
USA,CPV,0.2335711616916624
FRA,CPV,0.16381810587803497
NLD,CPV,0.06472286228402471
LUX,CPV,0.04613082144669648
AGO,CPV,0.03301052285082405
ITA,CPV,0.030638878313896896
ESP,CPV,0.029315022751036948
MOZ,CPV,0.02442742868364289
USA,CRI,0.6646879647153974
NIC,CRI,0.0672673528791649
PAN,CRI,0.05775073368765507
ESP,CRI,0.028871129200255613
CAN,CRI,0.027998061658389393
MEX,CRI,0.02045270989943583
GBR,CYM,0.6520893304777509
CAN,CYM,0.14885767496687993
AUS,CYM,0.08795976680280265
HND,CYM,0.046872139868463926
GBR,CYP,0.3518426369639807
USA,CYP,0.19975268064148408
GRC,CYP,0.14004129467006127
AUS,CYP,0.12052252620206974
ZAF,CYP,0.037604445839530945
CAN,CYP,0.028275972249004893
DEU,CZE,0.5946885148697627
USA,CZE,0.11036525153122612
SVK,CZE,0.08400817687492088
GBR,CZE,0.04168883287307093
AUT,CZE,0.03408561637098718
CAN,CZE,0.022077012564519362
USA,DEU,0.14764024294141562
CHE,DEU,0.09753740758242453
GBR,DEU,0.08191944278337916
TUR,DEU,0.07726186066593259
AUT,DEU,0.06646638373014582
ITA,DEU,0.05238373017031516
ESP,DEU,0.05075018145897745
FRA,DEU,0.050359165432327005
CAN,DEU,0.041494990628171906
RUS,DEU,0.037502399956049114
FRA,DJI,0.4506027714664993
CAN,DJI,0.11620699826484515
ETH,DJI,0.10742973344888798
TUR,DJI,0.08168283901462903
BEL,DJI,0.07490673386518824
LBY,DJI,0.06019640798541827
SWE,DJI,0.025693199142948216
GBR,DJI,0.02150461999271949
USA,DMA,0.4858048153945612
FRA,DMA,0.1648088583278711
GBR,DMA,0.13020841769156616
VIR,DMA,0.056601298596733005
ATG,DMA,0.054437562573243545
CAN,DMA,0.037917403368837456
GRL,DNK,0.18314219681342056
SWE,DNK,0.12805940934153975
GBR,DNK,0.10318245281456916
USA,DNK,0.10215159812257314
NOR,DNK,0.08249021103978005
DEU,DNK,0.07172844703722467
ESP,DNK,0.051201795859565066
CAN,DNK,0.044834439981040204
AUS,DNK,0.03218626834570592
USA,DOM,0.740216160291442
ESP,DOM,0.10894413711660514
ITA,DOM,0.028779945137237587
PRI,DOM,0.025984235372960598
CHL,DOM,0.020564785835357334
FRA,DZA,0.8224253211253574
CAN,DZA,0.03492148435575917
ESP,DZA,0.02966774224541534
USA,ECU,0.4132913113405073
ESP,ECU,0.3632477746649667
ITA,ECU,0.06854323059389743
CHL,ECU,0.033517227941225906
VEN,ECU,0.02460370483353069
SAU,EGY,0.2585591673356538
ARE,EGY,0.25706297043736825
KWT,EGY,0.11750181665089492
USA,EGY,0.058386835578324234
QAT,EGY,0.056239470991398734
ITA,EGY,0.03673600069113473
BHR,EGY,0.024777843742660753
JOR,EGY,0.022738490192851016
OMN,EGY,0.021980000965612707
FRA,ESP,0.17791341906280067
DEU,ESP,0.12350233061512907
GBR,ESP,0.10411651906093662
USA,ESP,0.07887881255332611
ARG,ESP,0.06264206388047658
CHE,ESP,0.05794984232040175
VEN,ESP,0.04449088588517213
ROU,ESP,0.038180871309489925
BEL,ESP,0.03374559682085585
ITA,ESP,0.02654770901075307
RUS,EST,0.2807282577189252
FIN,EST,0.23147898187903365
USA,EST,0.08112405588783336
GBR,EST,0.06323840626623943
DEU,EST,0.059526030879479004
UKR,EST,0.04968370949649292
SWE,EST,0.047019628822812264
NOR,EST,0.0235293761868264
USA,ETH,0.33220623230551916
SAU,ETH,0.17518113612555652
ISR,ETH,0.09024721459808266
CAN,ETH,0.03900449363323248
SDN,ETH,0.03712461173921041
ZAF,ETH,0.030700786584790755
ITA,ETH,0.02838443413198803
DEU,ETH,0.027212424867640892
SWE,ETH,0.027014513109254016
NLD,ETH,0.023897719595665154
SWE,FIN,0.45904078616647687
USA,FIN,0.10819393496135393
GBR,FIN,0.06980437849961064
DEU,FIN,0.06058811027047897
ESP,FIN,0.053293194728594596
CAN,FIN,0.03408942814007844
AUS,FIN,0.028454949281235636
NOR,FIN,0.024874144076731153
EST,FIN,0.020068052431170505
AUS,FJI,0.3514351083391682
NZL,FJI,0.27505446167221964
USA,FJI,0.21616889192965294
CAN,FJI,0.11539779908920991
GBR,FJI,0.02755923653056859
ESP,FRA,0.09631826054425832
BEL,FRA,0.08766500745279247
USA,FRA,0.08490843514669887
CHE,FRA,0.08416893613574637
GBR,FRA,0.07683008398887557
DEU,FRA,0.06488049805943343
ITA,FRA,0.05582704917380045
CAN,FRA,0.052657345752529894
PRT,FRA,0.04734284301308099
ISR,FRA,0.029697221328623246
FRA,GAB,0.5800476048175442
MLI,GAB,0.21539990149528315
COG,GAB,0.048790011581213266
CAN,GAB,0.021255242492075
AUS,GBR,0.2496769429719811
USA,GBR,0.15313049480110655
CAN,GBR,0.11388730077911775
ESP,GBR,0.07816498278098662
IRL,GBR,0.06709133669650097
NZL,GBR,0.060264473535071805
FRA,GBR,0.03475314938942116
RUS,GEO,0.5067485912765486
GRC,GEO,0.09558126434667129
UKR,GEO,0.06775166762270578
AZE,GEO,0.050512373501372776
USA,GEO,0.04984292929205395
DEU,GEO,0.03968007025318702
ARM,GEO,0.03923957217137267
TUR,GEO,0.03272659087917277
FRA,GEO,0.023406463179553815
USA,GHA,0.2533808098011193
NGA,GHA,0.17957658360053128
GBR,GHA,0.1481434754003022
CIV,GHA,0.08418584966195021
ITA,GHA,0.05653192948471845
DEU,GHA,0.050273128110444175
TGO,GHA,0.03559517716934537
CAN,GHA,0.028240207163464762
BFA,GHA,0.025236612844467064
CIV,GIN,0.2226210932316507
FRA,GIN,0.18104054397535596
USA,GIN,0.08929770823912157
SEN,GIN,0.06550309287129825
DEU,GIN,0.05243192896020622
GMB,GIN,0.051433006364172563
BEL,GIN,0.05070010015616356
MLI,GIN,0.047730375915972144
SLE,GIN,0.0410167277115854
LBR,GIN,0.030688038166375033
USA,GMB,0.293335432848242
ITA,GMB,0.15809384895128215
DEU,GMB,0.13826699527689892
ESP,GMB,0.12653126489829647
GBR,GMB,0.07375660823954903
SWE,GMB,0.04663583968981751
CIV,GMB,0.027699897252779593
PRT,GNB,0.3533839231933372
SEN,GNB,0.16926705236094697
FRA,GNB,0.08749603968967189
ESP,GNB,0.08372485704860551
GMB,GNB,0.07047313367023032
CPV,GNB,0.0336473948961325
ITA,GNB,0.032269704497776046
LUX,GNB,0.03211867355891074
GBR,GNB,0.02290452459129171
GIN,GNB,0.022556672081539744
DEU,GRC,0.3656702166330036
USA,GRC,0.12773069710383164
AUS,GRC,0.10379110477789344
GBR,GRC,0.06829500407485557
CAN,GRC,0.06713951047355018
ALB,GRC,0.027956406120025118
TUR,GRC,0.0279290561292185
CYP,GRC,0.022838237893658197
NLD,GRC,0.022230439238990783
SWE,GRC,0.02015020805472917
USA,GRD,0.5106968753744331
GBR,GRD,0.1709703192461718
CAN,GRD,0.15152695590871376
TTO,GRD,0.11149078531508283
USA,GTM,0.9144418433617616
MEX,GTM,0.02713553724666044
USA,GUY,0.5966533538528398
CAN,GUY,0.19823816966392052
GBR,GUY,0.06545834566857492
SUR,GUY,0.02604829244062619
TTO,GUY,0.021273498821015514
FRA,GUY,0.020007178911521237
USA,HKG,0.22934049058402886
CAN,HKG,0.22223316950047803
CHN,HKG,0.20697257777424904
GBR,HKG,0.12259239960151432
AUS,HKG,0.10346900454596801
SGP,HKG,0.06724392053179996
MAC,HKG,0.022312640840360172
USA,HND,0.823650917736512
ESP,HND,0.08985565793472652
MEX,HND,0.029561069283100646
DEU,HRV,0.40794835963313747
SRB,HRV,0.2556537291904114
AUS,HRV,0.05200809220361795
AUT,HRV,0.05009487212722968
CAN,HRV,0.039920974090944986
SVN,HRV,0.039394306932200036
USA,HRV,0.03593597208686502
CHE,HRV,0.02686926458123746
USA,HTI,0.4920965675825513
DOM,HTI,0.21742111138209935
CHL,HTI,0.11473795770571601
FRA,HTI,0.06407054129041588
CAN,HTI,0.06149624525382688
DEU,HUN,0.2926121293979906
GBR,HUN,0.12973043894798983
AUT,HUN,0.11710203655413563
USA,HUN,0.09109686787136728
CAN,HUN,0.05380507120411881
CHE,HUN,0.03844962607244777
AUS,HUN,0.025699781048439233
NLD,HUN,0.024820401777201354
ESP,HUN,0.023631115951028025
SWE,HUN,0.02258225860307743
SAU,IDN,0.3754554007379331
MYS,IDN,0.2523068806759544
ARE,IDN,0.07457189458204515
SGP,IDN,0.04116155620828237
HKG,IDN,0.03325493713615991
BGD,IDN,0.027339432945388764
NLD,IDN,0.025187129489938703
USA,IDN,0.02498876256216327
KWT,IDN,0.02465108138932311
AUS,IDN,0.02083986261345663
ARE,IND,0.22177362393844907
USA,IND,0.17687277472560184
SAU,IND,0.14603999408078822
OMN,IND,0.071756170415517
KWT,IND,0.071118950829294
GBR,IND,0.04987872736923891
QAT,IND,0.04958488206473397
AUS,IND,0.04372145036233116
CAN,IND,0.04289477093016653
BHR,IND,0.020510018571698898
GBR,IRL,0.48506663425046964
USA,IRL,0.1625906045189555
AUS,IRL,0.11685575043248264
CAN,IRL,0.0406469848294171
ESP,IRL,0.029458469826211215
DEU,IRL,0.024693089924893413
DEU,IRQ,0.13820623244081937
TUR,IRQ,0.13767056823348983
USA,IRQ,0.1327429655181289
JOR,IRQ,0.07874293435105262
SYR,IRQ,0.0767012364201472
SWE,IRQ,0.07362856759364113
AUS,IRQ,0.04893230429256751
LBN,IRQ,0.03871907958343599
CAN,IRQ,0.03569761255293172
GBR,IRQ,0.0316558566523853
DNK,ISL,0.21122359523320722
USA,ISL,0.20661879469390076
NOR,ISL,0.1851771748736084
SWE,ISL,0.14627359790460798
ESP,ISL,0.04535831400331759
DEU,ISL,0.038905382908524015
USA,ISR,0.3902635301296467
PSE,ISR,0.16863995093140524
CAN,ISR,0.07858205147615109
DEU,ISR,0.05529828865365263
GBR,ISR,0.05380888646793527
AUS,ISR,0.03361450909278181
FRA,ISR,0.02287772779308369
DEU,ITA,0.2017744892127759
USA,ITA,0.10330500606856045
FRA,ITA,0.0973321617178565
CHE,ITA,0.08600221875087452
CAN,ITA,0.07846090004061318
GBR,ITA,0.07355863107400597
ESP,ITA,0.0592031498139145
AUS,ITA,0.05510019985117528
ARG,ITA,0.04674574250181239
BEL,ITA,0.036742644823921845
USA,JAM,0.7310836342649447
CAN,JAM,0.12797384634226283
GBR,JAM,0.10353656378494079
SAU,JOR,0.2870209143758596
ARE,JOR,0.21602437663699528
USA,JOR,0.1180847886749638
KWT,JOR,0.068091392941265
PSE,JOR,0.057108640262562696
QAT,JOR,0.0453505652611757
OMN,JOR,0.023957969277912442
LBY,JOR,0.023178706561177168
BHR,JOR,0.020591461940289435
USA,JPN,0.43994554302927324
BRA,JPN,0.07570750525121156
AUS,JPN,0.05849350291503414
DEU,JPN,0.045063062184952096
GBR,JPN,0.036934008350857604
CAN,JPN,0.036266714920854794
KOR,JPN,0.027545964692910388
FRA,JPN,0.02597725767865689
IDN,JPN,0.024158685901002223
MYS,JPN,0.023185241190166527
RUS,KAZ,0.5938829914160427
DEU,KAZ,0.27989802610961373
UKR,KAZ,0.050877979823703734
USA,KEN,0.3432415375805721
GBR,KEN,0.26992255432923035
CAN,KEN,0.057462924945708704
AUS,KEN,0.052639136047944325
UGA,KEN,0.0409750419583543
DEU,KEN,0.0343851554498005
MOZ,KEN,0.029652187865017412
TZA,KEN,0.02904787151359751
ZAF,KEN,0.028330594785934277
RUS,KGZ,0.7224798410310654
DEU,KGZ,0.13743185510628422
TUR,KGZ,0.03928883914690765
UKR,KGZ,0.027535451199906604
THA,KHM,0.5521015315130505
USA,KHM,0.1846520818652257
FRA,KHM,0.07722819915042457
KOR,KHM,0.05645383777823303
AUS,KHM,0.0434758643054085
CAN,KHM,0.02673308820275527
NZL,KIR,0.502391310984064
AUS,KIR,0.20319051482757622
FJI,KIR,0.12042546341088285
GBR,KIR,0.0497830747687634
MHL,KIR,0.03650021035343903
SLB,KIR,0.03273182920405177
USA,KNA,0.5671053566354316
GBR,KNA,0.20841846937574462
VIR,KNA,0.12971469270189673
CAN,KNA,0.0446134932120832
SXM,KNA,0.02006989261993306
USA,KOR,0.48317810063454514
JPN,KOR,0.202261645351751
CHN,KOR,0.06421210811401822
CAN,KOR,0.05951860956424352
AUS,KOR,0.0503120176999107
ARE,KWT,0.29677781905513045
USA,KWT,0.14839648837564287
PSE,KWT,0.08498920325046502
CAN,KWT,0.07111695380381937
GBR,KWT,0.05391102941202668
IND,KWT,0.05107155335341639
LBY,KWT,0.04997044355358889
TUR,KWT,0.041577732638368274
AUS,KWT,0.03233968152249268
BHR,KWT,0.030770383303840892
THA,LAO,0.6885260727489885
USA,LAO,0.1725375000310491
BGD,LAO,0.05614748510194973
FRA,LAO,0.04426486715365949
SAU,LBN,0.17418882942352487
USA,LBN,0.15665397978015355
AUS,LBN,0.11245863002270587
CAN,LBN,0.10986604139790686
DEU,LBN,0.10458876645143399
FRA,LBN,0.06233005318052943
ARE,LBN,0.05093559606878263
SWE,LBN,0.034922539455828926
USA,LBR,0.6552405628894981
GHA,LBR,0.0766592365159123
CIV,LBR,0.060994433389732344
NGA,LBR,0.046565768397247416
AUS,LBR,0.020337942275526797
USA,LCA,0.4999480746162199
GBR,LCA,0.16629794050760288
FRA,LCA,0.12453052365361078
CAN,LCA,0.09126284408843051
VIR,LCA,0.039813518733933094
BRB,LCA,0.02583104103565274
SAU,LKA,0.267221407291166
QAT,LKA,0.0881991974712958
IND,LKA,0.07897102100434823
AUS,LKA,0.07604530629043457
CAN,LKA,0.07271551195167943
GBR,LKA,0.06509731669124307
ARE,LKA,0.06451894478507161
ITA,LKA,0.04771874525151049
USA,LKA,0.028619715273478803
FRA,LKA,0.028025692675854433
ZAF,LSO,0.9551319545491028
MOZ,LSO,0.02874385904159062
GBR,LTU,0.22491553881024567
RUS,LTU,0.11100347156725518
POL,LTU,0.10399836777722724
DEU,LTU,0.09484394146300039
IRL,LTU,0.07368992735707677
NOR,LTU,0.07040129150289141
USA,LTU,0.056536136437678644
ESP,LTU,0.04033833467311428
UKR,LTU,0.03879136774201286
BLR,LTU,0.026767215686633643
DEU,LUX,0.2885859770921273
FRA,LUX,0.1942694033551446
BEL,LUX,0.17916278619722056
ITA,LUX,0.054959542326346464
PRT,LUX,0.05445155359885823
USA,LUX,0.04686800759564097
GBR,LUX,0.04008272959276237
CHE,LUX,0.0297899103762745
NLD,LUX,0.023053012252204304
RUS,LVA,0.2251726895366258
GBR,LVA,0.20735354521686514
DEU,LVA,0.10891261444486584
IRL,LVA,0.06985781376482239
USA,LVA,0.06322808697412613
UKR,LVA,0.049958000842927536
NOR,LVA,0.0328277810372361
BLR,LVA,0.02604137352853677
SWE,LVA,0.02488143128027327
ESP,LVA,0.02306131739599679
HKG,MAC,0.5105308991590607
SGP,MAC,0.15436709291524126
CHN,MAC,0.12979040973863937
USA,MAC,0.12531038343779724
CAN,MAC,0.04246763063126006
AUS,MAC,0.02106229822907405
FRA,MAR,0.3191528607437977
ESP,MAR,0.23302817831724962
ITA,MAR,0.13940225522147046
BEL,MAR,0.07435810009740342
NLD,MAR,0.0568905377522282
DEU,MAR,0.04121611148657467
ISR,MAR,0.039271000252375406
USA,MAR,0.028434890394894326
CAN,MAR,0.023462779870327834
RUS,MDA,0.26572338814498636
ROU,MDA,0.2528425459775629
UKR,MDA,0.12638319324298702
USA,MDA,0.04889748703222216
ITA,MDA,0.046477058951398705
DEU,MDA,0.03571274065152996
FRA,MDA,0.03244747517949239
GBR,MDA,0.03160041001055509
ESP,MDA,0.022702490389531215
PRT,MDA,0.020706919966923608
FRA,MDG,0.8502679671621779
DEU,MDG,0.023544109543617124
CAN,MDG,0.02164721002230614
COM,MDG,0.020455106603719353
LKA,MDV,0.33660147984042876
IND,MDV,0.20655090808389942
AUS,MDV,0.18975164198766062
GBR,MDV,0.10208216886641579
DEU,MDV,0.02541565046953007
CHE,MDV,0.024702947982673078
USA,MEX,0.9716466702571409
USA,MHL,0.9743211623048031
DEU,MKD,0.2610436817820267
CHE,MKD,0.1533224935766363
AUS,MKD,0.09260031468453446
SRB,MKD,0.0821460459781143
TUR,MKD,0.06977352227869558
USA,MKD,0.06655366023326201
AUT,MKD,0.05745924212161619
SVN,MKD,0.03728260437113319
ITA,MKD,0.028744060374773128
CAN,MKD,0.02139273892306979
CIV,MLI,0.35853018592501545
FRA,MLI,0.14596106278201776
NGA,MLI,0.11628168419952635
MRT,MLI,0.07790164446606776
NER,MLI,0.06291479628317145
GAB,MLI,0.04774558424006286
ESP,MLI,0.032118601798692435
GIN,MLI,0.026651408207414833
ITA,MLI,0.025775410438181264
SEN,MLI,0.022336273605778327
AUS,MLT,0.40202866324447245
GBR,MLT,0.302484158031094
USA,MLT,0.1265117981367016
CAN,MLT,0.08138340908086872
THA,MMR,0.48737069809445377
BGD,MMR,0.19909455373490031
MYS,MMR,0.1033127698565956
SAU,MMR,0.09232253467092441
USA,MMR,0.06225967548733856
SRB,MNE,0.49093029552383244
DEU,MNE,0.19230293114467578
MKD,MNE,0.0626815927766048
HRV,MNE,0.04109105013080077
BIH,MNE,0.02778034125863551
LUX,MNE,0.025784135807533155
SVN,MNE,0.024842709086271703
CHE,MNE,0.023795248447709687
KOR,MNG,0.3197970063376203
RUS,MNG,0.2030598132202977
CZE,MNG,0.11100205802721602
AUS,MNG,0.07169402989382972
DEU,MNG,0.07132564631513863
SWE,MNG,0.057418152351793365
AUT,MNG,0.02318342678827218
HUN,MNG,0.020607189193433184
ZAF,MOZ,0.5598604045390533
PRT,MOZ,0.1955933262346564
ZWE,MOZ,0.11686686515843264
MWI,MOZ,0.03531411917798363
SEN,MRT,0.3022630482966305
FRA,MRT,0.22868688269699236
MLI,MRT,0.15770784413562122
CIV,MRT,0.08391522713618613
ESP,MRT,0.07665381438674347
BEL,MRT,0.02741639744520866
GMB,MRT,0.023763392144417694
COG,MRT,0.02038072606571424
FRA,MUS,0.31559424017751503
GBR,MUS,0.2300078330724003
AUS,MUS,0.17126078021823624
CAN,MUS,0.09651592069036685
ZAF,MUS,0.05344033311270596
ITA,MUS,0.042952971771336536
IRL,MUS,0.022009043913872782
ZAF,MWI,0.3672004701101607
ZWE,MWI,0.2668417020445787
MOZ,MWI,0.14162303828793094
GBR,MWI,0.1283696855897048
ZMB,MWI,0.035207672289093356
SGP,MYS,0.6340686457153745
BGD,MYS,0.09666769498212065
AUS,MYS,0.092160640743201
USA,MYS,0.041708057799219524
GBR,MYS,0.032853858779829284
BRN,MYS,0.02794055895684748
ZAF,NAM,0.7171027982049576
GBR,NAM,0.05801315916925818
AUS,NAM,0.04212383884673418
CAN,NAM,0.0268356634852207
DEU,NAM,0.02404542243002225
NGA,NER,0.2969240557851091
BEN,NER,0.17621257255712944
CIV,NER,0.17196892709819758
TGO,NER,0.13538973450176858
FRA,NER,0.05269774900679476
CMR,NER,0.028016721302462397
MLI,NER,0.027180836478608847
BFA,NER,0.02692101479665064
USA,NGA,0.29311700821320524
GBR,NGA,0.14190936380259422
CMR,NGA,0.06954181177299268
ITA,NGA,0.06384462156774384
NER,NGA,0.0634475443210641
DEU,NGA,0.05354276527000671
BEN,NGA,0.035732014875752914
GHA,NGA,0.03399043780661081
CAN,NGA,0.030022999687652784
CRI,NIC,0.42848061018155154
USA,NIC,0.4228012536778326
ESP,NIC,0.06038694291784323
PAN,NIC,0.020268004407889607
DEU,NLD,0.15808800233288645
BEL,NLD,0.1382643437693369
CAN,NLD,0.10475622370162385
USA,NLD,0.08858196246202009
AUS,NLD,0.07723912767286303
GBR,NLD,0.06725583906208484
ESP,NLD,0.0591210351530286
FRA,NLD,0.041551498070544285
TUR,NLD,0.03746885846497867
CHE,NLD,0.025353242774818374
SWE,NOR,0.21098496549365725
USA,NOR,0.1180269372506795
DNK,NOR,0.1068869310726144
GBR,NOR,0.10503286011430706
ESP,NOR,0.08327219536554585
BGD,NOR,0.07287485626601843
DEU,NOR,0.050916839426456986
FRA,NOR,0.02416524417087968
AUS,NOR,0.021760664748761205
CAN,NOR,0.021693149559803233
SAU,NPL,0.2062566246165605
MYS,NPL,0.20537143275866024
IND,NPL,0.1930204937828903
QAT,NPL,0.13392101334237136
USA,NPL,0.08340342290305006
AUS,NPL,0.05687695833206302
GBR,NPL,0.027371746346106774
AUS,NZL,0.7538710126979891
GBR,NZL,0.0974282473738247
USA,NZL,0.06654768353571697
PSE,OMN,0.4565977403065738
GBR,OMN,0.1381022527799002
AUS,OMN,0.07677716976125436
LBY,OMN,0.0688097061910608
CAN,OMN,0.06715781756407614
NLD,OMN,0.034108780428020555
JOR,OMN,0.024346291393182635
EGY,OMN,0.0207267332048378
SAU,PAK,0.25693286213485433
ARE,PAK,0.1912439085787936
GBR,PAK,0.09395410872185907
USA,PAK,0.07985622209462298
KWT,PAK,0.06258536055356638
QAT,PAK,0.050619279068522205
CAN,PAK,0.038610219127241656
OMN,PAK,0.0380585771821679
SGP,PAK,0.028390262868879593
ITA,PAK,0.023202616192431
USA,PAN,0.7315555838001856
CRI,PAN,0.09017863740051192
ESP,PAN,0.03904799373477885
COL,PAN,0.020540287696141687
USA,PER,0.3228799017823081
CHL,PER,0.1470062882985109
ESP,PER,0.14054704466191328
ARG,PER,0.11809488374485037
ITA,PER,0.07761156011841236
JPN,PER,0.03224188785497602
VEN,PER,0.02459507516568164
CAN,PER,0.02148948471642408
USA,PHL,0.3499123284470002
SAU,PHL,0.10004417500782106
CAN,PHL,0.09999849199659687
ARE,PHL,0.09456270097719677
AUS,PHL,0.04967386633721315
JPN,PHL,0.042110438088391475
KWT,PHL,0.03202457599334318
QAT,PHL,0.031013718149984354
GBR,PHL,0.02610487777591719
ITA,PHL,0.022990609003912785
GUM,PLW,0.5638905362506267
MNP,PLW,0.20920302063380533
FSM,PLW,0.10533814067124704
GRC,PLW,0.0752288544105914
AUS,PNG,0.8888741017260791
NZL,PNG,0.03853905216291785
GBR,PNG,0.03460374438347715
DEU,POL,0.445058132434738
GBR,POL,0.17067925305485032
USA,POL,0.08696966014512662
NLD,POL,0.03431348797607033
CAN,POL,0.03233825237384264
IRL,POL,0.03126787025607841
NOR,POL,0.02274083159724918
FRA,PRT,0.28320877332937894
CHE,PRT,0.12325134325905734
USA,PRT,0.09081166428852627
GBR,PRT,0.08028145732564575
BRA,PRT,0.07758878918372888
CAN,PRT,0.06917685394446396
DEU,PRT,0.06478067322860934
ESP,PRT,0.06151227871632517
LUX,PRT,0.04525159024410863
VEN,PRT,0.02278773055831755
ARG,PRY,0.7549356879914864
ESP,PRY,0.08867336642604215
USA,PRY,0.06029740665196373
BRA,PRY,0.052340212022952845
JOR,PSE,0.5505645419708652
SYR,PSE,0.13603365370599838
LBN,PSE,0.11454430240102297
LBY,PSE,0.08324531060280192
EGY,PSE,0.033708777167868034
USA,PSE,0.02051475265468891
ARE,PSE,0.020159283062294298
PSE,QAT,0.3028877352368592
TUR,QAT,0.09662556781310837
CAN,QAT,0.08695652173913043
ARE,QAT,0.08666450356911096
GBR,QAT,0.07615184944841012
AUS,QAT,0.06521739130434782
LBY,QAT,0.04892926670992861
DEU,QAT,0.039422452952628154
GRC,QAT,0.03643737832576249
KWT,QAT,0.021868916288124585
ESP,ROU,0.2189138846742139
ITA,ROU,0.20740292973033672
DEU,ROU,0.1963902432663079
GBR,ROU,0.08451717982064864
HUN,ROU,0.045961380229863034
USA,ROU,0.04030395103551512
FRA,ROU,0.03240368367857639
AUT,ROU,0.03209850929113832
BEL,ROU,0.023978644628571966
CAN,ROU,0.02230844131970435
UKR,RUS,0.3047200531131534
KAZ,RUS,0.22653441060195534
DEU,RUS,0.11703826675585714
UZB,RUS,0.07969332967353282
BLR,RUS,0.06152624374136761
USA,RUS,0.039461865660843365
TJK,RUS,0.021500301460909532
COD,RWA,0.4456416715988393
BDI,RWA,0.1357619010209894
UGA,RWA,0.11645093331924328
BEL,RWA,0.065771355645547
COG,RWA,0.04590033268821766
FRA,RWA,0.03178278991971328
CAN,RWA,0.027441679049039987
USA,SAU,0.21995370497266536
TUR,SAU,0.14669940583224536
LBY,SAU,0.1043392945255133
GBR,SAU,0.1025239003105557
PSE,SAU,0.06875217180864317
CAN,SAU,0.060206208474481486
AUS,SAU,0.04444704806873793
IND,SAU,0.03981128525074252
EGY,SAU,0.022699707080261408
SWE,SAU,0.020125388302917303
SAU,SDN,0.29057819329880386
SSD,SDN,0.2021279637973599
TCD,SDN,0.12815342428567408
ARE,SDN,0.09120356751940237
USA,SDN,0.0367005515675639
KWT,SDN,0.03225450213504701
EGY,SDN,0.025396305906705843
UGA,SDN,0.02155529906542562
GBR,SDN,0.0207902361370894
FRA,SEN,0.26515272564104886
ITA,SEN,0.18604098242320063
GMB,SEN,0.11767999385867078
USA,SEN,0.11595898373931134
ESP,SEN,0.09741842211887457
GAB,SEN,0.035030549898990064
CIV,SEN,0.029175301927936766
MLI,SEN,0.021514973175882794
AUS,SLB,0.7208006521315877
FJI,SLB,0.10771624721825991
GBR,SLB,0.10416341106643255
PNG,SLB,0.02705797703899595
USA,SLE,0.4017208285182546
GBR,SLE,0.20609748458132196
SEN,SLE,0.04903474990099941
LBR,SLE,0.04582301641270908
DEU,SLE,0.03868334072395809
AUS,SLE,0.03520666118511764
NLD,SLE,0.033059764130597045
CAN,SLE,0.025879656025924694
GIN,SLE,0.02461309493508691
BEL,SLE,0.02171078181141055
USA,SLV,0.8961290583033159
CAN,SLV,0.030528781499272
KEN,SOM,0.13564005010511218
GBR,SOM,0.12334866595027597
USA,SOM,0.12104726589463806
ETH,SOM,0.11228522220793631
YEM,SOM,0.06582531680429655
SWE,SOM,0.0647214056435672
LBY,SOM,0.06278512138010625
DEU,SOM,0.04699155144061249
DJI,SOM,0.03156404298719011
NOR,SOM,0.03103986683989641
DEU,SRB,0.26987782620476786
AUT,SRB,0.16155872323748502
FRA,SRB,0.1000534332324605
CHE,SRB,0.07835818443769914
HRV,SRB,0.050675617458002614
HUN,SRB,0.04858902180065345
USA,SRB,0.04593630542144509
CAN,SRB,0.03965751434842001
AUS,SRB,0.035528174271060455
SVN,SRB,0.032689859501665315
SDN,SSD,0.36366008752890067
UGA,SSD,0.28850508133230923
ETH,SSD,0.12401572376919084
KEN,SSD,0.059779762769072646
ARE,SSD,0.05505907603036814
AUS,SSD,0.027223737356987424
PRT,STP,0.5748891217562664
GAB,STP,0.14727109065658026
AGO,STP,0.13309485887334216
GNQ,STP,0.0398241616842288
CPV,STP,0.03583148490833937
GBR,STP,0.02114505185561185
NLD,SUR,0.6677579804708256
FRA,SUR,0.19525892983994605
USA,SUR,0.0820753532300339
BEL,SUR,0.02016465612696287
CZE,SVK,0.26617705366718813
GBR,SVK,0.16722410119222197
DEU,SVK,0.14931390207143616
AUT,SVK,0.10961698370497475
CHE,SVK,0.0529637875995754
HUN,SVK,0.04851921477497663
CAN,SVK,0.03669060648452875
IRL,SVK,0.033574387773009765
ESP,SVK,0.027680876302196324
DEU,SVN,0.2779490499179706
AUT,SVN,0.15583136016656282
HRV,SVN,0.11238011911155034
USA,SVN,0.08987648248285542
SRB,SVN,0.06791461299823998
CAN,SVN,0.05504943823020205
CHE,SVN,0.05274159052408489
AUS,SVN,0.04477101949320512
GBR,SVN,0.02273372248311336
NOR,SWE,0.14316854786421304
USA,SWE,0.1405998384421613
GBR,SWE,0.09817697002223466
FIN,SWE,0.0972876021761509
ESP,SWE,0.08468918687594472
DNK,SWE,0.07382955063593384
DEU,SWE,0.06645714603122738
AUS,SWE,0.033380169807559784
CHE,SWE,0.028803597936371036
FRA,SWE,0.02571081591405816
ZAF,SWZ,0.892511962265666
GBR,SWZ,0.03724407948738441
MOZ,SYC,0.5693527022573426
GBR,SYC,0.15284342650779187
AUS,SYC,0.10375217343544524
CAN,SYC,0.03991451861778297
ITA,SYC,0.030286647921295286
ZAF,SYC,0.027022406883996663
FRA,SYC,0.02445194336461383
NGA,TGO,0.2542311962028931
BEN,TGO,0.17137146615557228
GHA,TGO,0.17133304703563584
FRA,TGO,0.09523707853708946
CIV,TGO,0.06790619126349766
DEU,TGO,0.05563861586626444
GAB,TGO,0.047409196441762745
BEL,TGO,0.023584537122723948
BFA,TGO,0.02208656585433663
ITA,TGO,0.02012581689599
USA,THA,0.2409907285721122
KOR,THA,0.14123988726570644
DEU,THA,0.07719274612341946
AUS,THA,0.07555666192082251
JPN,THA,0.046693166494160145
GBR,THA,0.04279356388888149
SWE,THA,0.0414366857091755
KHM,THA,0.026172347466443865
NOR,THA,0.022804751713818627
FRA,THA,0.020654350746495704
RUS,TJK,0.7895224590946176
DEU,TJK,0.06546316532435886
UKR,TJK,0.04224372829675499
KAZ,TJK,0.02652893621070544
RUS,TKM,1
IDN,TLS,0.5171257096056563
AUS,TLS,0.33223524144823313
GBR,TLS,0.08325048399467
PRT,TLS,0.05352784812474995
USA,TON,0.40024471160747893
NZL,TON,0.35330815169074986
AUS,TON,0.20223092238466353
USA,TTO,0.6658093622182444
CAN,TTO,0.19293082973681155
GBR,TTO,0.08264758496068532
FRA,TUN,0.48221481500213664
USA,TUN,0.2031927022190438
ITA,TUN,0.11563817111152035
DEU,TUN,0.051163803594123855
ISR,TUN,0.026958500938072116
CAN,TUN,0.02035144123845765
DEU,TUR,0.537694663131584
FRA,TUR,0.09815096986666158
NLD,TUR,0.05892080146440162
AUT,TUR,0.046441557959307045
USA,TUR,0.037656521470441406
BEL,TUR,0.029934813426927595
GBR,TUR,0.027904660541705123
CHE,TUR,0.024894689704888624
USA,TZA,0.3281150730955006
GBR,TZA,0.17355564095535952
CAN,TZA,0.0869355098314216
RWA,TZA,0.07881708618127646
KEN,TZA,0.07079912512601208
BDI,TZA,0.06148075942658604
UGA,TZA,0.037713661118931666
ZAF,TZA,0.029254768310897388
AUS,TZA,0.02052786680773172
KEN,UGA,0.29669028027901273
USA,UGA,0.16377898585627224
GBR,UGA,0.15898723341363274
SSD,UGA,0.13361432976731216
RWA,UGA,0.08238307679407737
IND,UGA,0.049979663813507234
CAN,UGA,0.030238718391469556
RUS,UKR,0.5309068007192117
USA,UKR,0.06836380051748149
KAZ,UKR,0.055987308639627184
DEU,UKR,0.051854010350527426
POL,UKR,0.04497437552174213
BLR,UKR,0.03426606888489569
CZE,UKR,0.03331211430001733
ISR,UKR,0.022319141791409394
ARG,URY,0.3502520358490388
ESP,URY,0.2264713612477152
USA,URY,0.15068775354432165
BRA,URY,0.07936048853699117
AUS,URY,0.030580546618147283
CAN,URY,0.02009516433142395
MEX,USA,0.26738422624051544
CAN,USA,0.09140632519417137
GBR,USA,0.0570770151731635
PRI,USA,0.05336490657312352
DEU,USA,0.03989613474204836
AUS,USA,0.03685345019650369
ISR,USA,0.03391614724874314
KOR,USA,0.02276577056891863
RUS,UZB,1
USA,VCT,0.3767210628063291
CAN,VCT,0.2245068974801662
GBR,VCT,0.19407066528032446
TTO,VCT,0.10409738143489652
BRB,VCT,0.04282089678364283
USA,VNM,0.43713770275949065
JPN,VNM,0.09521071707686457
AUS,VNM,0.07993165374288153
CHN,VNM,0.07565798085225119
CAN,VNM,0.05317098503810154
KOR,VNM,0.050878649029351686
FRA,VNM,0.04199430153671213
DEU,VNM,0.03764540636346301
MYS,VNM,0.026705728905140558
AUS,VUT,0.5423500968859342
NCL,VUT,0.2491375687802832
FRA,VUT,0.11930218229148003
GBR,VUT,0.023278075448823352
NZL,WSM,0.4234585685706743
AUS,WSM,0.25899479542152726
USA,WSM,0.22503581811464773
ASM,WSM,0.08014963832074776
DEU,XKX,0.5465802524708131
CHE,XKX,0.2487458311386163
AUT,XKX,0.070724261741159
SVN,XKX,0.04669631932245061
SWE,XKX,0.024976969111664884
NOR,XKX,0.023496693299574337
GBR,ZAF,0.26774268801460704
AUS,ZAF,0.22077793670157844
USA,ZAF,0.13518566735303603
NZL,ZAF,0.07885739813943173
CAN,ZAF,0.05242874514064179
NLD,ZAF,0.02400884180454299
DEU,ZAF,0.022769209539418554
USA,ZMB,0.26232741085725286
GBR,ZMB,0.20701163384411533
ZWE,ZMB,0.10163674682022948
MWI,ZMB,0.10062012279075791
ZAF,ZMB,0.09708746890760107
AUS,ZMB,0.05131018028996058
CAN,ZMB,0.025504448743785883
TZA,ZMB,0.024491980167426878
ZAF,ZWE,0.4826522974905269
GBR,ZWE,0.18920435611580116
USA,ZWE,0.10593400317126946
AUS,ZWE,0.052995475175149055
BWA,ZWE,0.04722172069984803
MOZ,ZWE,0.046180153546604215
