id,country,lon,lat,v
4,Afghanistan,66.5921613109527,34.1340260137693,6236361.563
8,Albania,20.0610827672694,41.1416589489165,6358160.3510000035
12,Algeria,2.65584647197691,28.350969744889,28323285.68100001
16,American Samoa,-170.700731617449,-14.3057119877705,163975.14100000003
20,Andorra,1.58022436112328,42.5485983485476,1838718.6679999984
24,Angola,17.651768783079,-12.1674240626679,9282036.377999997
28,Antigua and Barbuda,-61.7853082322637,17.0714675937296,1192692.5320000004
31,Azerbaijan,48.6345926706443,40.3920509942049,12823239.968000006
32,Argentina,-64.5323850384307,-35.69727051812,51228297.56400001
36,Australia,134.022771709161,-25.697337673983,204994438.7500001
40,Austria,13.797778364631,47.6318582698957,159610372.3740001
44,Bahamas,-78.0727537006031,24.7216263364678,7634871.421000008
48,Bahrain,50.5406954022767,26.0479850153706,13237995.997999998
50,Bangladesh,90.4321256260861,23.673728665121,52372700.293000035
51,Armenia,45.0549083196525,40.1784127423067,9091870.235000005
52,Barbados,-59.5573839491502,13.1832193693375,1201860.567999999
56,Belgium,4.67501015469648,50.6182138854095,347337086.6849997
60,Bermuda,-64.7458500599169,32.3150674307407,1215863.8310000005
64,Bhutan,90.4671664717386,27.4216393395982,1180490.248000004
68,Bolivia,-64.452095975112,-16.7312488393574,8557101.685000004
70,Bosnia Herzegovina,17.8346724078753,44.1441535612642,10896235.39899999
72,Botswana,23.857799569956,-22.2366090020629,6020401.04999999
76,Brazil,-54.3552066082564,-11.5246304164266,163639951.87699997
84,Belize,-88.6827351002344,17.2425247664715,1436788.9689999996
86,British Indian Ocean Territory,72.4350161847601,-7.32354844438574,73319.06299999998
90,Solomon Islands,160.164757950338,-9.61310473459651,517182.74700000003
92,British Virgin Islands,-64.6240651925769,18.421958196197,725749.4969999999
96,Brunei Darussalam,114.643095836046,4.5432058899176,6948922.807999998
100,Bulgaria,25.2517391225619,42.8204367730243,32787107.850000005
104,Myanmar,97.0889228539734,19.9012279313998,23272136.91900001
108,Burundi,29.8851822784529,-3.26125199327864,574369.4049999998
112,Belarus,27.9642520547151,53.4679137454316,12971624.950999996
116,Cambodia,105.039730786807,12.6991868655077,27467731.680999972
120,Cameroon,12.9484741423982,6.29416848748099,6369752.792000003
124,Canada,-98.4168051786806,57.5504800446556,465294446.4890004
132,Cabo Verde,-23.6340100590047,15.0764115186516,810422.149000002
136,Cayman Islands,-81.2520320897787,19.3112318056202,3150255.7739999965
140,Central African Republic,20.5207434193972,6.33139003394431,282676.29699999996
144,Sri Lanka,80.6693116977062,7.69663093932994,12358970.042000018
148,Chad,18.427113900363,15.2834935466545,1153395.4419999998
152,Chile,-70.7686343173921,-37.8293828304996,63147298.305000015
156,China,104.691138558496,38.0732548110572,1161669768.7470007
162,Christmas Island,105.702095122005,-10.4464408021834,84421.17099999991
166,Cocos Isds,96.83688767323,-12.1712494501995,12720.888000000008
170,Colombia,-72.6445066243485,4.18775387735273,46393064.49700001
174,Comoros,43.348265874294,-11.6588614745084,387181.2809999999
178,Congo,14.8797328494913,-0.729439159523384,3712746.5129999965
180,Democratic Republic of the Congo,23.4198275742821,-3.33862959620789,10420227.759000003
184,Cook Isds,-159.787688709522,-21.2226132533998,205267.93600000013
188,Costa Rica,-84.1467362570181,9.86346740740621,16453497.836999983
191,Croatia,16.6257611295833,44.911921008567,30191903.369
192,Cuba,-79.698178576187,21.4761765228694,3197946.814000002
196,Cyprus,33.3753460091992,35.1170041634523,12359128.87500002
203,Czechia,15.3832732920235,49.7491737093098,159625508.85999998
204,Benin,2.3057145288302,9.50301319961589,4133860.6079999995
208,Denmark,9.3786705424094,56.0011881797105,94354910.6140001
212,Dominica,-61.3604719469429,15.4292698609405,249690.4739999999
214,Dominican Republic,-70.4349519852001,18.7795481852299,24016292.15100006
218,Ecuador,-78.4630326109714,-1.56427213888531,21620685.840999994
222,El Salvador,-88.8591148923898,13.7580415170554,12179641.900999987
226,Equatorial Guinea,10.4254566723538,1.59546439365907,727036.8369999997
231,Ethiopia,39.9149028865442,8.72938955704839,10539591.16
232,Eritrea,39.2672401449901,15.0055331476676,399017.25700000004
233,Estonia,25.9168702506338,58.648108311231,16280938.83399999
238,Falkland Isds (Malvinas),-58.7466463637998,-51.7590131276672,170880.177
242,Fiji,177.981446137326,-17.8224709523362,3006639.9849999994
246,Finland,25.657384334547,65.0157895974991,54623465.18599996
251,France,2.19402366278862,46.6423682169416,546620590.5099995
258,French Polynesia,-149.400416710997,-17.6746840801206,1476994.256000001
260,French Southern and Antarctic Lands,53.193855179896,-25.964671226335934,23437.558999999994
262,Djibouti,42.6134968987895,11.7502357276188,8285678.352999994
266,Gabon,11.8394108985457,-0.628448459921234,2928508.741999998
268,Georgia,43.3788665341122,42.1798627773722,8120148.213999997
270,Gambia,-15.3833803858696,13.4286179591893,3619311.244000002
275,Palestinian Territory,35.2425118415458,31.9308187364538,1695620.7950000004
276,Germany,10.4261714274308,51.0830453980048,813342596.1959997
288,Ghana,-1.21923336252658,7.94530467243628,14997220.659000015
292,Gibraltar,-5.34554948459435,36.1402267133608,8758488.195999997
296,Kiribati,-157.390241893235,1.8676673749241,144363.89999999988
300,Greece,23.1103689361618,39.4201226172797,52874206.127000034
304,Greenland,-42.0756778806698,74.1684721896599,1086358.9640000006
308,Grenada,-61.6793793720409,12.1129266563389,289696.70300000027
316,Guam,144.780244582988,13.4454304799452,827776.079
320,Guatemala,-90.3121934911961,15.8208785153526,23447367.599000048
324,Guinea,-10.9869488480402,10.2559865413781,5289570.345999999
328,Guyana,-58.9135261275466,4.68211981385056,3074561.2530000005
332,Haiti,-72.89291379842,18.8835204869835,3169844.5050000018
340,Honduras,-86.4925167900696,14.74037069575,14046747.770000016
344,"Hong Kong SAR, China",114.174587544812,22.2859002379704,502206616.241
348,Hungary,19.3962004836614,47.2252733248629,103155300.96799995
352,Iceland,-19.0568296710609,65.1236092020551,6219250.62
360,Indonesia,113.965382468473,0.155919799590376,162222797.88299993
364,Iran,54.2370770010654,32.90602374289,25718130.96000001
368,Iraq,43.8325291810568,33.1050756675279,60359929.93400002
372,Ireland,-8.24112854555409,53.3048953981649,101193294.12000005
376,Israel,35.027923472437,31.5135422200431,53070524.47100004
380,Italy,12.7636571661231,42.9820112761426,375783884.0950002
384,Côte d'Ivoire,-5.57171019491773,7.5367792794213,12291428.216999996
388,Jamaica,-77.3035889454277,18.1220788934165,5728717.911999998
392,Japan,137.469342343518,36.7673883259782,510878549.0259999
398,Kazakhstan,66.3759193479301,47.6414651951768,57230882.57500008
400,Jordan,36.9572888454724,31.3870648844491,19435315.87200001
404,Kenya,37.9530941126237,0.689918231837617,18440723.691000015
408,North Korea,127.337980565374,40.1919809147083,2046536.8959999976
410,South Korea,127.762245513576,36.4023867125441,366578823.297
414,Kuwait,47.5631110932018,29.281360965443,27143012.813000012
417,Kyrgyzstan,74.1753290346831,41.3569890543835,26844725.435
418,Laos,103.763758990264,18.1172827368732,7871078.572999999
422,Lebanon,35.8965194632474,33.9116017072208,12144630.677000001
426,Lesotho,28.2447531786422,-29.6016811692481,1698699.2290000012
428,Latvia,24.6936713256544,56.8138530475541,17572409.48199999
430,Liberia,-9.25898893549761,6.52012979398834,14715966.883000005
434,Libya,17.9113339245423,27.2029157716907,17071471.315000005
440,Lithuania,23.9460216050135,55.2943739341717,31891305.95500002
442,Luxembourg,6.10323033845887,49.7752345454236,23402640.517999977
446,"Macao SAR, China",113.546660735316,22.1868519976249,9962588.967000011
450,Madagascar,46.6849346683254,-19.0416361249304,3591360.0199999977
454,Malawi,34.2344118229888,-13.128986464184,2298985.6260000006
458,Malaysia,114.633303039928,3.67166085563878,202761258.19400012
462,Maldives,73.1007624514047,-0.606557716800992,3079736.5760000013
466,Mali,-4.34639984178115,17.1681462085848,4953222.379000004
470,Malta,14.4419224425084,35.8905226508993,8043365.134999999
478,Mauritania,-10.4950790450357,20.46673121282,2991762.077999999
480,Mauritius,57.5641567106654,-20.2814231747519,4590234.759
484,Mexico,-101.553997316301,23.8743606809359,469993212.3489995
490,"Other Asia, n.e.s. (Taiwan)",120.87313257172,23.6208897317477,233637695.4640002
496,Mongolia,103.398736032745,47.0864445460485,5266365.734000004
498,Moldova,28.3911118659413,47.0725674580696,6510016.076999997
499,Montenegro,19.2950508715675,42.7369483521045,3726553.930000003
500,Montserrat,-62.1869328125625,16.7353633914603,17145.16699999999
504,Morocco,-8.81721258725081,28.6875981349793,47978242.237999976
508,Mozambique,35.2085770312901,-17.5252303094887,14982743.896000016
512,Oman,55.841088119829,20.7242833183209,31214394.15300001
516,Namibia,18.1645134584526,-21.9085816328147,5988757.045999993
520,Nauru,166.929376331391,-0.522102144066899,64256.48599999999
524,Nepal,84.1338898313567,28.3009206997556,9858683.38900002
528,Netherlands,5.55413642612848,52.1340541289238,456245191.17800045
531,Curaçao,-68.9693976859904,12.1999966479398,1028984.8969999991
533,Aruba,-69.9756401428404,12.5156257229928,995853.5879999988
534,Saint Maarten,-63.068831359153,18.0394260846307,953366.8080000005
535,Bonaire,-68.2935044595876,12.1808449824403,723626.8000000003
540,New Caledonia,165.507670404386,-21.3300337266082,2273809.497
548,Vanuatu,166.849127356697,-15.1891321216993,377008.68799999985
554,New Zealand,170.690355414286,-43.8276543254442,37750216.21299999
558,Nicaragua,-85.016088327669,12.8935666319305,8968799.862000005
562,Niger,8.86863247002646,17.0810539240729,1550685.370999999
566,Nigeria,8.14771484525619,9.61029352034213,51403302.57500006
570,Niue,-169.86878106699,-19.0523092168039,17643.162
574,Norfolk Island,167.952595974833,-29.0376544450462,30645.175000000014
579,Norway,16.6702592723908,64.9777588294774,63813049.63200001
580,Northern Mariana Islands,145.741197372031,15.1780635164321,130721.40000000005
583,Micronesia,158.229189944452,6.87894481292554,114439.78599999998
584,Marshall Isds,168.72016025351,7.30792990099434,6816910.115999997
585,Palau,134.57965086721,7.53477585254739,156025.87900000007
586,Pakistan,69.0883509076965,30.1161883714108,42478157.689999975
591,Panama,-80.1442876148279,8.43953674957689,36528808.587
598,Papua New Guinea,144.834894299469,-7.15691281915213,4998883.299
600,Paraguay,-58.3890635742865,-23.4219055925942,13308921.49500002
604,Peru,-74.1141619678188,-8.52271798424029,38595908.61999999
608,Philippines,121.822089414167,15.5865422510942,114932440.04100007
612,Pitcairn,-128.314984862758,-24.3661217475654,6376.758000000001
616,Poland,19.4357327923446,52.0684805569247,242704081.1610001
620,Portugal,-7.933662183874,39.6752921470213,88444625.91200002
624,Guinea-Bissau,-14.9801867569108,11.9800753248205,500801.8009999998
626,Timor-Leste,125.950240495626,-8.80989463060196,948717.6849999998
634,Qatar,51.197949187432,25.3185284864253,26790981.379999995
642,Romania,25.0941582015632,45.8245489439758,88623240.78599994
643,Russian Federation,98.6704990698032,59.0394342141061,163288127.13799986
646,Rwanda,29.919439681764,-2.01468746004715,1773899.997
652,Saint Barthélemy,-62.8305161000515,17.9056169124173,34310.41199999999
654,Saint Helena,-5.7173916208131,-15.9629633183403,61883.915000000015
659,Saint Kitts and Nevis,-62.7456038589578,17.3147362995877,261809.7870000002
660,Anguilla,-63.060083437718,18.222874004219,219076.54900000006
662,Saint Lucia,-60.9689510935251,13.8957491851299,799398.3720000016
666,Saint Pierre and Miquelon,-56.3246535343755,46.9515391361519,59557.838
670,Saint Vincent and the Grenadines,-61.193766354393,13.2548081229706,439740.98499999987
674,San Marino,12.4612783495817,43.9428207290978,307722.9539999999
678,Sao Tome and Principe,6.6061587968576,0.227447042947937,108896.87699999986
682,Saudi Arabia,44.6009581782256,24.1360381447578,126126365.58999997
686,Senegal,-14.6108753683523,14.2288614917634,11929193.670000015
688,Serbia,20.8567744439574,44.0267987013196,23502562.93499999
690,Seychelles,55.4725078959552,-4.66000231882274,744636.6780000001
694,Sierra Leone,-11.7865669573111,8.56133038475058,1466871.982
699,India,81.1730040853018,23.5863005677467,412609654.19099987
702,Singapore,103.81025757634,1.35282518900063,290357871.73
703,Slovakia,19.5810153624909,48.6980839052048,82039992.39599995
704,Viet Nam,105.913388327587,16.5173471708393,240724040.7579999
705,Slovenia,14.8906368999737,46.137592295645,44409170.252000004
706,Somalia,45.4003786724397,6.52453457310392,4688122.779
710,South Africa,24.7525274648908,-28.5536193067973,63414144.04700008
716,Zimbabwe,29.7178296407208,-18.9270012198147,7709628.903000011
724,Spain,-3.65162514099569,40.3650083366838,285015608.4839999
728,South Sudan,30.3851856901788,7.65778204176329,1521234.1819999989
729,Sudan,29.951458283594,15.6706023098425,5431217.990999999
740,Suriname,-55.8555143115612,4.09872359592017,1288674.455
748,Eswatini,31.510685746082,-26.5625409356087,1915411.324000001
752,Sweden,17.0624319880049,62.7342098610844,127693600.53200005
757,Switzerland,8.28692879489528,46.7367812868493,227714953.14400017
760,Syria,38.5117323139514,35.0975110605831,3598157.1740000034
762,Tajikistan,70.9421528106569,38.5693313838297,6146914.606999992
764,Thailand,101.086751162145,13.6622278474553,190130099.12600014
768,Togo,0.899085757110968,8.66074303771781,10976234.766000006
772,Tokelau,-171.852659507227,-9.19517476725654,9514.966
776,Tonga,-175.204158785112,-21.1592721282385,259078.44900000008
780,Trinidad and Tobago,-61.3723657997624,10.415515638298,3974270.9659999977
784,United Arab Emirates,54.2792052578958,24.1825029230913,202524045.4139998
788,Tunisia,9.65587551697984,34.0863617956572,18870294.053999998
792,Türkiye,35.568867640766904,38.9320736312339,197350310.50400004
795,Turkmenistan,58.4577357627054,39.0606911800142,4203335.390000001
796,Turks and Caicos Islands,-71.740589468115,21.7998654274837,444442.75300000014
798,Tuvalu,179.217833977593,-8.51470150644722,96627.462
800,Uganda,32.3437176846312,1.28217292184162,8168229.821000008
804,Ukraine,31.2737720844263,48.6575325155637,35857569.616
807,North Macedonia,21.7099892387277,41.5940289014311,8707222.876
818,Egypt,30.2401354350123,26.6051703445062,51599531.6
826,United Kingdom,-2.85294390932925,53.9784473508021,435288386.37799984
834,United Rep. of Tanzania,34.8183220606038,-6.35579444004114,16385638.982
842,USA,-96.3316166082964,38.8208089190304,2085099398.236998
854,Burkina Faso,-1.69328162118423,12.1087090363127,3707714.6680000015
858,Uruguay,-56.0191952345808,-32.7819504383109,10618877.943999995
860,Uzbekistan,63.8548297593985,41.4879065244633,30523502.63300001
862,Venezuela,-66.3649213598513,7.1483247605071,8861543.071000012
876,Wallis and Futuna Isds,-178.127355557771,-14.2834423078266,50945.42899999994
882,Samoa,-172.441076557401,-13.6342529532746,441080.4739999999
887,Yemen,47.4681579320638,16.0013926163074,9467366.916999996
894,Zambia,27.7552136343089,-13.1628329531862,7814126.6209999975
