source,target,v
784,4,1839991.2060000023
586,4,969032.2900000004
156,4,962353.8860000006
860,4,765967.5079999989
398,4,615511.7199999995
699,4,362201.11999999953
458,4,336699.5189999999
792,4,256219.27599999998
56,4,80197.305
842,4,48187.733
380,8,1936101.9350000033
156,8,1021032.9720000015
792,8,782203.2019999991
699,8,703571.8919999993
300,8,614212.4039999999
276,8,499824.9349999997
688,8,334615.6950000001
842,8,182577.27600000022
757,8,142087.70700000005
616,8,141932.3329999998
156,12,9453845.83400001
251,12,4626499.405000002
380,12,3028753.2449999982
792,12,2747998.779
76,12,2373913.3019999973
276,12,2132545.715000004
842,12,1183079.3620000007
124,12,964369.3220000003
784,12,962191.7169999998
818,12,850088.9999999997
702,16,51872.961
554,16,27982.61499999999
242,16,26366.05500000001
490,16,20669.929999999993
458,16,19878.365999999998
36,16,8987.417000000005
392,16,2305.524
764,16,2139.9130000000005
360,16,1937.85
76,16,1834.5100000000002
724,20,1293268.5519999983
251,20,219034.051
276,20,90472.915
156,20,63171.71200000005
380,20,58712.63899999997
757,20,31713.473999999995
826,20,25852.58399999999
528,20,23096.746999999996
490,20,17596.624
40,20,15799.370000000008
156,24,4135272.964999998
620,24,1365765.5320000001
699,24,634335.7599999995
842,24,578424.0429999998
784,24,532658.952
528,24,453317.6530000007
380,24,429301.80099999934
76,24,409769.29300000076
710,24,379284.32800000056
826,24,363906.0509999998
842,28,866192.8939999997
156,28,166669.7350000002
276,28,31824.453999999998
826,28,28585.193000000014
76,28,28494.062000000034
392,28,17991.483000000007
699,28,14913.239000000003
251,28,14120.215
528,28,12444.022000000008
380,28,11457.235
643,31,3155709.2740000025
156,31,2871810.849000004
792,31,2706497.226999999
784,31,721333.8450000006
276,31,721215.772
795,31,687309.159
826,31,601194.3240000006
364,31,473052.33700000006
398,31,457256.3029999994
410,31,427860.878
76,32,16712163.333999993
156,32,10673651.532999996
842,32,10267752.547999999
600,32,4294898.648000009
276,32,2751202.4410000034
764,32,1540828.1649999996
380,32,1444318.851000001
528,32,1363343.810000001
724,32,1183459.9490000021
68,32,996678.2849999995
156,36,71920674.88100006
842,36,31724265.621999983
410,36,18096437.356
392,36,17740833.678999998
764,36,13407897.147000024
276,36,12675424.518000001
458,36,12573683.170999998
702,36,12229141.85400003
699,36,8068012.43800002
704,36,6558068.083999998
276,40,78332086.83900003
380,40,15066951.612000003
156,40,12530132.348999992
757,40,10779752.21300001
203,40,10411678.703000015
528,40,7116519.66700001
616,40,7063254.361000018
842,40,6508528.73100001
348,40,6034172.313999997
251,40,5767295.585000008
842,44,4991202.507000006
276,44,1132481.4280000005
156,44,447255.89800000016
392,44,297628.61500000005
76,44,222954.60899999982
124,44,214123.04399999985
170,44,113601.08800000003
300,44,88786.64799999988
699,44,65085.865999999995
266,44,61751.718
784,48,2476178.800000006
156,48,2267874.7229999993
682,48,2205880.208999995
842,48,1255631.7869999988
36,48,1234820.671
76,48,1186872.4339999994
699,48,829889.97
392,48,736909.4069999995
276,48,526457.088999999
251,48,517480.9080000003
156,50,22897406.52400004
699,50,11252525.166999986
360,50,3577789.273000001
702,50,3101830.6040000003
458,50,2452620.071999999
842,50,2206076.424000004
76,50,2105984.3060000013
634,50,1835082.378
392,50,1664933.3380000005
784,50,1278452.2070000002
643,51,3879597.235000007
156,51,1510164.7719999985
704,51,815197.1449999998
364,51,597232.7889999998
276,51,595631.294
784,51,418021.8100000006
842,51,397557.45100000035
380,51,375054.5479999997
792,51,280602.2959999997
392,51,222810.8950000001
842,52,650437.7609999998
156,52,150919.64999999985
826,52,123884.48399999987
392,52,113610.91799999998
124,52,32310.05599999997
528,52,31356.129000000023
388,52,27841.595999999994
76,52,26312.46500000002
276,52,22827.481
764,52,22360.02799999999
528,56,93044185.55299987
276,56,61927060.66899993
251,56,50738162.04599991
842,56,34892247.52199997
156,56,22705460.020999976
826,56,20353064.808000013
380,56,20334683.448999986
372,56,19027308.939000044
724,56,14509696.597000007
579,56,9805217.081
842,60,489757.4820000003
196,60,402956.25700000004
826,60,77324.8389999999
156,60,77104.963
124,60,53174.57300000004
276,60,49311.2
300,60,23729.95600000001
752,60,19680.178
392,60,12306.942000000003
380,60,10517.440999999999
699,64,979503.7100000042
702,64,95534.41200000007
156,64,57079.36299999992
764,64,18712.98699999999
360,64,8484.578
344,64,5142.3470000000025
784,64,4698.461000000002
276,64,4626.924999999998
842,64,3366.0460000000007
76,64,3341.419000000001
156,68,2195921.628999998
76,68,1808759.270000001
152,68,1426679.9460000033
32,68,1085402.9450000017
842,68,692435.7029999994
604,68,537081.0299999998
484,68,244580.3250000002
392,68,230814.236
699,68,170528.723
56,68,164897.87800000026
688,70,2070036.549000001
276,70,1570760.187999999
191,70,1491398.1499999953
156,70,1354579.1299999978
380,70,1323627.861
792,70,783042.5700000008
705,70,765071.8530000002
40,70,628326.0499999995
616,70,481394.6939999998
842,70,427998.353999999
710,72,4251464.33799999
516,72,516460.4449999993
124,72,302192.8289999999
156,72,238011.48299999972
699,72,171184.4300000002
894,72,138693.46499999997
51,72,114198.867
276,72,103968.91399999992
508,72,98677.077
842,72,85549.20200000009
156,76,57608159.506999984
842,76,39662169.68199993
276,76,13776225.651000049
32,76,12419263.153000005
643,76,11134261.883999985
699,76,7115320.369000013
380,76,5768572.440000008
484,76,5715841.914
251,76,5389318.896000001
410,76,5050818.380999997
842,84,652928.1429999989
156,84,267764.35000000027
320,84,170274.76500000036
484,84,134835.93300000002
188,84,95636.75700000001
392,84,29203.540000000008
276,84,24681.73
780,84,22009.30999999999
76,84,20042.681000000026
222,84,19411.76000000001
300,86,38549.812
702,86,28307.201999999997
842,86,2928.5259999999994
591,86,1530.934
784,86,1232.938
792,86,249.49599999999998
757,86,203.599
76,86,118.976
458,86,117.409
826,86,80.171
156,90,230508.57600000003
702,90,73806.776
36,90,71290.288
490,90,27922.84999999999
458,90,25345.31300000001
554,90,23806.338000000007
392,90,19040.844000000005
360,90,18019.01999999999
764,90,15117.579000000002
242,90,12325.162999999991
842,92,291553.6289999999
380,92,83213.80099999998
251,92,73489.53100000002
156,92,72196.39900000003
442,92,39762.766
757,92,36186.72799999999
208,92,36091.15700000001
710,92,35656.736999999994
40,92,31329.287999999997
792,92,26269.460999999992
458,96,1910309.2559999987
156,96,890318.7100000014
784,96,824934.784999999
826,96,812400.8399999993
702,96,505404.75400000054
398,96,501939.286
36,96,490768.08099999966
634,96,466292.104
682,96,280329.204
360,96,266225.7880000001
276,100,6145195.116999999
792,100,4439738.537000007
642,100,4103263.7919999994
643,100,3507514.300999999
380,100,3312181.096000008
156,100,2941332.163000001
300,100,2434398.0949999965
528,100,2078989.056999987
616,100,1960372.9820000045
348,100,1864122.7100000014
156,104,10284362.468000013
764,104,4408934.555999992
702,104,3393996.5200000033
458,104,1513065.8970000003
634,104,897106.054
360,104,862633.9900000003
699,104,645311.4030000006
410,104,553434.1849999996
392,104,419943.4319999999
704,104,293348.41400000016
834,108,172326.1369999998
156,108,103878.65099999994
800,108,69996.81499999993
404,108,68639.94899999995
699,108,40477.11300000001
784,108,37089.915
56,108,31362.361000000008
894,108,23281.833
251,108,14328.355999999998
818,108,12988.275
156,112,5816692.485999998
276,112,2045468.7920000004
440,112,1838865.3149999985
792,112,1683611.7609999971
784,112,588785.4070000012
380,112,322200.35099999985
428,112,185320.54900000003
528,112,181502.2380000002
203,112,156105.3250000001
398,112,153072.727
156,116,11653608.954999963
764,116,6393549.026000016
704,116,3612151.3529999983
702,116,1997931.1550000005
360,116,962753.4260000009
490,116,638412.5170000001
458,116,619000.2709999996
344,116,563280.9940000002
392,116,556955.6679999996
410,116,470088.31600000017
156,120,3713986.467000004
251,120,561165.9739999999
699,120,480896.6059999996
56,120,329712.8169999999
784,120,320625.29099999956
276,120,208952.06600000014
842,120,201588.01099999982
528,120,189228.60599999997
792,120,185847.12000000023
76,120,177749.83400000026
842,124,301878936.17100036
156,124,61874507.46700007
484,124,33180216.676999953
276,124,14431175.780999992
392,124,13467288.11000001
410,124,10173755.65699999
704,124,9814278.453000005
826,124,7397639.380999993
380,124,7091607.688000016
76,124,5985041.10399998
620,132,390061.53000000183
528,132,140579.4870000001
156,132,102499.89399999988
724,132,78790.05200000001
76,132,38926.16700000002
56,132,17273.94200000002
251,132,12631.980000000001
710,132,10793.952
380,132,9934.915
842,132,8930.229999999998
276,136,992424.1890000001
842,136,961660.9659999971
380,136,669939.347
792,136,165927.054
156,136,158948.70299999998
251,136,85902.25200000002
826,136,42495.69799999998
388,136,36371.067000000025
757,136,18957.480999999992
392,136,17629.017000000003
699,140,68830.55399999999
156,140,54558.782000000014
56,140,37575.44999999998
251,140,29698.686999999987
384,140,26301.831
784,140,20989.992000000002
842,140,13334.556999999999
528,140,12230.572999999995
724,140,10456.896000000002
440,140,8698.974999999999
699,144,3601084.5960000004
156,144,3480924.107000008
784,144,1728984.4100000055
702,144,908222.440000003
458,144,753054.4060000016
842,144,493047.7109999991
643,144,395039.374
360,144,382797.82200000016
586,144,325978.6909999997
682,144,289836.48500000016
156,148,377553.1149999997
784,148,307388.442
792,148,129002.01099999997
251,148,118638.93900000013
699,148,66488.98000000005
528,148,37487.80099999996
204,148,36720.744999999995
56,148,30542.89000000001
842,148,26988.451999999997
826,148,22584.067000000014
156,152,19088568.94600003
842,152,17142139.162999973
76,152,8058648.253000008
32,152,5728604.3820000095
276,152,3798678.166000002
392,152,2419314.3060000027
604,152,1963590.8959999983
724,152,1786933.3449999965
484,152,1673978.8360000008
410,152,1486842.0119999996
410,156,161625166.34299988
842,156,145334425.0450005
36,156,138974758.23099983
643,156,129002538.47500011
392,156,123955663.42500009
76,156,104584701.32999998
276,156,101612493.92800005
490,156,96569991.97099993
704,156,85690371.04600003
458,156,74319658.95299996
842,162,48933.078
36,162,33871.47599999992
458,162,987.0979999999998
242,162,236.20000000000002
702,162,158.37900000000002
372,162,114.079
554,162,90.727
579,162,11.148
826,162,9.898
360,162,9.088000000000001
36,166,11376.10200000001
842,166,435.32899999999995
752,166,199.808
76,166,184.416
702,166,175.15200000000002
792,166,107.225
251,166,103.46000000000001
528,166,68.57300000000001
124,166,40.919
826,166,29.904
842,170,16423601.68900004
156,170,13323483.953999985
76,170,3945748.6679999996
484,170,3061214.944999994
276,170,2264807.521999994
251,170,2069255.5189999994
32,170,1410541.198000001
392,170,1367242.6279999993
699,170,1302105.5649999985
724,170,1225062.8089999978
156,174,110990.20100000002
784,174,94758.30999999995
834,174,54661.53099999999
251,174,30416.477000000006
699,174,26597.811000000005
586,174,25735.192999999996
792,174,20628.25600000001
76,174,8268.247
450,174,7685.33300000001
56,174,7439.922000000003
156,178,1496704.6899999974
266,178,574019.4020000002
251,178,368405.84899999935
784,178,291842.65399999986
842,178,191442.00899999985
380,178,186641.31099999996
699,178,181721.393
528,178,149149.68900000007
792,178,146508.00999999986
710,178,126311.50600000014
156,180,4485383.5249999985
894,180,1602578.9810000025
710,180,1562198.784999998
699,180,593644.5250000005
56,180,521108.90700000117
784,180,511481.9299999994
800,180,410858.7590000006
834,180,312809.32999999984
251,180,227575.36800000028
76,180,192587.649
554,184,93683.1910000001
380,184,56075.034
242,184,19094.32600000002
156,184,13991.801000000009
36,184,6909.2510000000075
792,184,5229.440000000003
842,184,4103.403
392,184,2169.1939999999995
764,184,2169.0499999999997
300,184,1843.246
842,188,8420031.308999985
156,188,3341399.246999998
484,188,1426135.953000002
320,188,645000.4739999991
76,188,568996.1189999995
276,188,508818.3419999993
392,188,482759.5019999999
170,188,381886.88899999927
724,188,364456.819000001
152,188,314013.18300000037
380,191,6202921.167000004
276,191,6081148.436999985
705,191,4906937.668
348,191,2744900.975
40,191,2383174.0690000006
528,191,1697044.477000004
616,191,1687049.0500000017
156,191,1569004.9870000025
842,191,1507288.6800000044
70,191,1412433.8589999953
724,192,937503.0920000017
156,192,503719.4489999996
528,192,389573.29800000024
842,192,366387.76200000005
124,192,220199.59900000034
76,192,220128.5830000001
276,192,186202.32000000007
380,192,175930.14800000002
484,192,108882.12800000003
699,192,89420.43500000003
300,196,3167618.018000009
792,196,2302202.2160000065
826,196,1549185.3890000011
380,196,1156123.4670000013
156,196,906638.9899999994
724,196,897566.83500000206
276,196,815619.0499999989
376,196,673716.5720000007
528,196,518947.7679999993
392,196,371510.57000000007
276,203,54040280.25900006
156,203,31935357.885999937
616,203,18398201.40299999
703,203,13061547.936000034
380,203,9099046.493000004
40,203,7405476.9769999795
528,203,7113153.000000009
251,203,6979778.831000003
348,203,6607647.971999987
842,203,4985018.103000001
156,204,1515167.5770000007
699,204,908425.885999998
842,204,357369.3970000001
251,204,311272.05400000024
566,204,239937.09900000048
784,204,198913.10599999994
360,204,186560.592
458,204,147524.19500000007
768,204,143184.55999999988
56,204,125506.14199999995
276,208,23692303.712000024
752,208,14536740.713000009
579,208,12625519.041000063
528,208,11208852.49099999
156,208,8605528.479000017
616,208,5724375.977999994
842,208,5387509.712999998
251,208,4360069.915000007
380,208,4249434.972999992
56,208,3964575.598999997
156,212,70677.30899999994
842,212,67842.25399999999
360,212,34789.78299999999
380,212,28892.165999999997
490,212,18295.878000000008
826,212,8339.761999999997
76,212,5587.092000000003
392,212,5249.045999999999
528,212,5203.9540000000015
251,212,4813.230000000002
842,214,12702017.640000053
156,214,5202788.105000004
76,214,1135643.484999999
484,214,1134065.304000001
724,214,1098030.0360000008
380,214,775936.9000000007
170,214,608693.4630000006
392,214,495009.68299999984
276,214,451752.25700000004
699,214,412355.2779999999
842,218,7373104.633999987
156,218,6014448.199000002
170,218,2065654.0299999993
604,218,1164946.314999997
76,218,1136062.9280000003
410,218,847448.3019999999
724,218,833537.0780000001
380,218,826954.4970000008
392,218,725200.9290000002
484,218,633328.9290000005
842,222,4288501.218999989
156,222,2314642.363000001
320,222,1871792.9489999956
484,222,1274358.644
340,222,649358.4950000009
558,222,484598.2379999992
188,222,450227.223000001
410,222,301581.88299999986
392,222,277250.336
76,222,267330.55100000004
156,226,201675.8019999996
724,226,165646.06399999993
842,226,97280.25500000009
266,226,53337.416000000005
826,226,49312.73799999999
792,226,41403.03900000002
528,226,36719.16499999998
784,226,30900.582
251,226,26402.273000000012
380,226,24359.502999999993
156,231,4013561.806000002
414,231,1328371.2209999994
682,231,1046818.9850000007
842,231,835678.857000002
699,231,759889.8149999996
504,231,676805.4809999996
784,231,672849.1929999989
818,231,456892.58400000026
826,231,375981.0679999995
792,231,372742.1499999994
156,232,138884.57200000016
784,232,119855.58799999989
792,232,39348.580999999955
842,232,30514.45300000001
380,232,20412.155000000002
699,232,17470.162
528,232,12224.689000000004
710,232,9956.907999999996
56,232,5594.610000000001
276,232,4755.539000000001
246,233,2993110.8589999904
276,233,2655715.029000001
428,233,1987443.3310000007
440,233,1972091.885000002
752,233,1636794.289999999
156,233,1581483.2989999976
616,233,1206812.3419999983
528,233,862411.2330000001
380,233,765171.166000002
842,233,619905.4000000001
826,238,116551.04099999995
300,238,32169.585000000003
724,238,18818.923
528,238,1487.0970000000002
554,238,429.032
842,238,328.99800000000005
504,238,316.526
276,238,288.937
372,238,263.691
76,238,226.347
702,242,800483.988000001
156,242,565576.0809999994
36,242,481609.8120000001
554,242,432933.68899999926
458,242,227942.6769999998
842,242,155762.5570000001
392,242,98073.73700000004
699,242,95517.91499999992
764,242,92168.74599999993
490,242,56570.782999999996
276,246,11968326.616999995
752,246,11371651.565999996
156,246,6734354.84799999
579,246,6216667.012999999
528,246,4726604.2480000025
842,246,3375042.2720000013
233,246,2887598.4449999994
616,246,2782186.347999986
380,246,2382130.6379999956
251,246,2178903.190999999
276,251,121215933.44100001
56,251,84925789.73599975
380,251,65041597.861999996
528,251,64619537.917999975
724,251,63000761.65099985
156,251,45167459.15699998
842,251,37914923.7200001
826,251,27924341.52599993
757,251,18493921.513000015
616,251,18316323.986
251,258,785300.9360000015
842,258,130494.52800000003
156,258,127729.80599999992
554,258,120135.906
702,258,87947.27099999998
458,258,55119.59599999999
528,258,51227.62500000001
36,258,45785.79199999991
380,258,42651.521
276,258,30601.274999999998
251,260,10788.518999999997
372,260,3853.116
276,260,2991.2529999999997
528,260,1788.411
842,260,1314.6389999999997
203,260,1126.117
208,260,746.3380000000001
152,260,423.26099999999997
76,260,216.04000000000002
56,260,189.86499999999998
156,262,3362915.205999993
784,262,1415034.6770000013
699,262,1182926.6999999997
504,262,539261.8919999998
360,262,481004.12500000023
792,262,472256.43000000063
458,262,349003.7229999999
842,262,179200.36300000016
682,262,169579.0199999999
818,262,134496.217
251,266,716553.5399999996
156,266,646623.065999999
410,266,560374.0100000002
842,266,263642.209
699,266,148892.66199999995
826,266,133887.88499999986
591,266,120641.408
56,266,117253.39399999999
702,266,114543.97700000003
724,266,106096.5910000001
792,268,2620902.2589999977
842,268,1506520.1269999985
276,268,901783.9140000006
31,268,759369.3590000011
784,268,505592.62499999994
76,268,410486.1920000002
392,268,402881.52100000007
380,268,393915.03399999987
100,268,311555.1069999999
251,268,307142.0759999998
208,270,1609527.28
398,270,671472.9220000005
156,270,506365.8160000006
686,270,205343.67000000027
699,270,195672.85799999992
76,270,114601.15599999989
56,270,92486.46600000003
842,270,76657.38800000004
792,270,73754.72199999998
784,270,73428.96599999991
818,275,496197.77999999985
400,275,337851.0920000001
156,275,164822.43900000016
276,275,142623.59399999998
784,275,136747.92000000004
792,275,132373.52800000017
682,275,113727.16899999995
757,275,77862.79200000004
380,275,49165.67600000001
528,275,44248.805
156,276,142100848.34999982
528,276,108329212.97600035
842,276,81695727.39699996
616,276,79795978.83699998
251,276,79103389.47000015
380,276,78602040.28799988
203,276,73885688.05199996
56,276,61650478.87299982
40,276,57577028.656000026
757,276,50602203.296999946
156,288,9214016.635000015
528,288,1350016.2539999997
699,288,999280.5609999996
842,288,816422.4329999993
784,288,659204.856
56,288,564698.8590000008
826,288,435809.173000001
710,288,365336.1919999999
76,288,297101.53699999984
384,288,295334.1590000006
380,292,2680285.8609999996
300,292,1247123.3789999988
724,292,1093601.561000001
528,292,924723.0849999998
699,292,923823.2499999995
251,292,566624.3069999993
566,292,477551.492
826,292,340885.17300000024
620,292,317953.1369999998
842,292,185916.95099999994
156,296,37739.55699999994
36,296,31616.785999999986
242,296,24025.531999999956
392,296,11486.311000000005
554,296,9462.021000000008
490,296,9121.060999999998
579,296,8503.125
764,296,5673.145000000002
360,296,3609.013000000001
458,296,3127.349000000001
276,300,9161740.297999991
156,300,9003850.383000009
380,300,7159177.441000009
368,300,5681810.964000001
528,300,4987388.446000006
792,300,3948779.4760000072
251,300,3933905.070999993
724,300,3249365.5109999967
100,300,3103535.0280000065
643,300,2644653.5090000015
208,304,647002.471
752,304,211327.78200000076
724,304,90283.93399999998
352,304,72325.94699999994
124,304,18361.484999999993
276,304,13346.583999999988
579,304,11026.909
528,304,10329.622999999994
246,304,6354.334999999997
842,304,5999.893999999999
842,308,178035.48200000028
156,308,23740.659000000003
76,308,15042.331000000002
710,308,14426.062
392,308,13365.573999999999
826,308,13039.018999999993
528,308,9950.862000000003
124,308,9356.300000000001
214,308,6902.37
764,308,5838.044
702,316,475148.81100000005
392,316,136782.594
458,316,52118.612000000016
490,316,36552.58200000003
300,316,33726.88299999999
344,316,28915.300999999978
380,316,22381.797999999988
251,316,19969.592999999993
276,316,11244.218000000003
764,316,10935.687000000014
842,320,9584639.937000023
156,320,5324223.130000012
484,320,3255196.167000005
222,320,1197402.5080000036
188,320,885819.1000000004
392,320,734399.9600000005
699,320,646269.5969999989
76,320,614478.4080000005
340,320,608186.5989999988
276,320,596752.1930000002
156,324,2642972.8179999962
699,324,636586.3450000007
528,324,449801.8740000006
56,324,415868.6110000003
784,324,282114.04999999964
276,324,205471.71700000012
251,324,176287.5820000005
842,324,165830.7509999999
792,324,160439.6350000002
686,324,154196.963
842,328,1275536.4700000011
156,328,791310.0799999995
76,328,327378.4210000002
826,328,169920.07499999978
392,328,148427.00400000004
528,328,94927.7279999999
792,328,85496.6149999999
699,328,74748.76599999992
214,328,53827.75899999996
388,328,52988.33499999999
842,332,1153691.4110000008
214,332,856491.0620000013
156,332,525130.1329999999
360,332,141977.55099999998
699,332,109709.54800000004
124,332,96301.26900000003
276,332,76755.84200000003
792,332,73777.65799999995
76,332,68423.42199999996
604,332,67586.60899999997
842,340,6264864.308000011
156,340,2210711.393000003
320,340,1619715.5190000017
222,340,1058405.4110000005
484,340,1056270.919
188,340,601053.8500000007
558,340,368376.7599999999
699,340,298624.0969999999
276,340,293333.9700000001
392,340,275391.54299999966
156,344,257514868.66700003
490,344,50243289.83700002
702,344,43842401.508
410,344,28844463.180000003
392,344,28763373.48599998
842,344,25321418.001999993
458,344,19921450.160000026
704,344,17108422.858999994
757,344,15813326.336999953
784,344,14833602.204999996
276,348,32358125.566999964
156,348,10853555.412000012
40,348,8570186.056999987
203,348,8174048.961000008
703,348,8123150.381999995
410,348,8053606.626999995
616,348,7871916.482999991
528,348,6724210.353999997
380,348,6238982.478000002
643,348,6187518.647000006
579,352,1102029.1879999998
276,352,865245.1410000012
528,352,807116.342
156,352,730790.16499999806
208,352,698726.7930000005
842,352,583125.0090000009
752,352,468971.0710000003
826,352,427869.60199999966
251,352,301560.43999999965
414,352,233816.86899999992
156,360,62363472.9749999
702,360,19385242.597000044
392,360,15232329.868999982
458,360,11047672.240000017
842,360,10674469.745000023
764,360,10633177.498999981
410,360,10517910.170000007
36,360,9052678.921999993
699,360,8015876.136999982
704,360,5299967.728999997
156,364,10025663.716999993
784,364,5777847.973000009
792,364,3062735.173000009
76,364,2298109.4839999992
276,364,1257902.0499999984
699,364,1186576.0050000013
380,364,648274.3669999988
512,364,553660.5110000005
528,364,496413.51499999996
458,364,410948.1649999999
784,368,22638385.694000024
156,368,14282702.156000009
792,368,12752957.563000001
699,368,3470603.6349999965
842,368,1416159.3190000004
276,368,1297058.0109999976
682,368,1294571.907
76,368,1288662.4249999998
380,368,973160.9900000001
400,368,945668.2339999996
826,372,30136086.295000046
842,372,22084789.24900004
276,372,10617234.969999984
156,372,7943441.469999983
251,372,7769706.69199999
528,372,7613530.440999994
380,372,4108613.6560000023
376,372,3885835.512
724,372,3684033.312000006
56,372,3350022.522999995
156,376,14597536.863000005
842,376,9832980.882000022
699,376,6089624.412000014
276,376,5639166.483000004
792,376,5260115.752999987
380,376,3553331.650999996
410,376,2060317.7179999996
643,376,2050656.9449999998
724,376,2027691.2010000027
251,376,1959102.563
276,380,93398041.83000018
251,380,56733275.84100029
156,380,47058879.66399999
528,380,38286099.135999955
724,380,34987167.40199999
56,380,27624915.581000023
842,380,26476446.792999864
757,380,19186622.51899992
616,380,16810303.172
12,380,15222132.157000005
156,384,3833293.5649999985
566,384,2571193.144000001
251,384,1341117.9889999975
699,384,875386.3470000017
842,384,840962.4879999993
56,384,715726.1840000008
191,384,562366.983
276,384,542453.2839999989
504,384,509849.0519999994
643,384,499079.1809999997
842,388,2919393.930999996
156,388,1105352.7840000016
392,388,300856.17000000033
170,388,297249.8059999998
76,388,256579.13899999982
780,388,227227.1730000001
566,388,166679.53999999998
484,388,161040.85800000015
724,388,151804.65600000002
792,388,142533.85499999992
156,392,165417858.19899997
842,392,75586053.43200007
36,392,63734961.37599997
784,392,37430374.977999985
682,392,34674231.61499996
490,392,32490351.57899999
410,392,28445642.86999998
704,392,25116945.014999993
764,392,25103229.077999987
360,392,22878900.883999944
156,398,23901104.085000057
643,398,16140036.043000026
276,398,3459384.3089999924
792,398,3018245.593
270,398,2907673.7799999993
410,398,2208503.563999997
842,398,1803559.0450000013
860,398,1370860.8110000012
251,398,1233338.8490000025
784,398,1188176.4959999975
156,400,5362632.942999997
682,400,3997494.211999999
784,400,2405011.0430000043
699,400,1667018.2170000018
842,400,1512522.429999999
360,400,1238205.7970000005
276,400,912800.4990000012
792,400,890403.2720000024
818,400,753818.6570000007
380,400,695408.8020000005
156,404,6246588.8250000095
699,404,3244759.582999997
784,404,3140978.339000003
458,404,1240004.557000001
682,404,1103792.0930000015
392,404,847219.9200000003
842,404,707386.2199999996
710,404,670297.9489999994
800,404,649301.708
643,404,590394.4970000001
156,408,2003112.690999998
604,408,18546.779000000002
266,408,17745.159
699,408,1881.5079999999998
566,408,1331.711
800,408,1286.3799999999999
340,408,979.8760000000001
528,408,743.4200000000001
344,408,677.215
834,408,232.157
156,410,147088939.20700008
842,410,61331376.044000044
392,410,42706494.09700004
276,410,21831936.027999967
36,410,20898612.91699995
702,410,20116354.396000028
490,410,18043408.294999983
458,410,12201642.190000007
634,410,12059228.041
360,410,10300832.081999972
156,414,7468165.718000012
784,414,4256170.455999993
842,414,3380196.924000006
392,414,2566830.7810000023
682,414,2395497.1359999995
699,414,2066086.7639999997
634,414,1834860.8220000006
276,414,1318548.2839999995
380,414,1011137.5430000008
826,414,845518.3849999983
156,417,18182326.537000004
643,417,2176322.1849999945
784,417,1318017.9279999998
792,417,1262936.478
398,417,1150824.476000001
276,417,770521.5400000006
860,417,768256.0139999994
410,417,550725.041
440,417,421151.1199999999
380,417,243644.1159999999
764,418,4644103.072999997
156,418,2897675.9660000014
392,418,100048.84600000002
702,418,66161.88099999995
276,418,44220.445000000014
458,418,29579.056000000008
76,418,27896.47800000001
842,418,21990.576999999997
56,418,20560.246
251,418,18842.004999999983
156,422,2367009.378999994
757,422,1727645.565000003
784,422,1707622.3520000002
792,422,1602544.7390000045
300,422,1540415.3580000002
380,422,1198965.4099999976
818,422,525749.2490000003
842,422,499268.30399999977
276,422,494367.53100000013
196,422,481042.79000000004
710,426,1386339.5030000012
156,426,171759.0139999999
490,426,54619.43000000005
392,426,18420.715
699,426,17093.132000000005
894,426,13224.331999999997
704,426,10425.371
508,426,9964.387
344,426,9020.437000000007
842,426,7832.907999999997
440,428,5051618.564999986
276,428,2631160.210999995
616,428,2450976.991000008
233,428,1951551.1529999974
246,428,1128075.7209999987
528,428,1067094.0610000016
156,428,999318.8210000022
380,428,885702.2239999995
752,428,750947.5489999988
643,428,655964.1859999994
156,430,8745752.403000003
392,430,2837853.320999999
276,430,1109115.5339999998
76,430,416174.2300000002
792,430,349618.28599999973
300,430,299513.08000000037
699,430,270853.5620000006
842,430,262699.7529999998
196,430,225072.41300000003
208,430,199314.301
156,434,3900876.9439999987
792,434,3256165.3340000026
380,434,1839112.2650000001
784,434,1834173.8620000042
818,434,1785601.0480000007
300,434,1707589.3259999992
788,434,846786.9059999995
196,434,775251.9870000003
276,434,620747.7069999996
699,434,505165.9359999998
276,440,6141208.821999988
616,440,5883530.95100001
428,440,3793078.839000006
842,440,3282123.800000001
579,440,2575250.520000002
528,440,2498186.596000007
682,440,2173186.9310000003
156,440,1909511.277000001
752,440,1865461.7830000054
233,440,1769766.4359999967
56,442,6996337.969999984
276,442,6495838.463999991
251,442,3066150.7920000027
842,442,1657670.021
528,442,1551598.6069999943
156,442,878689.7840000018
380,442,849508.9080000003
826,442,749986.4009999994
616,442,587035.6809999999
392,442,569823.89
156,446,3990375.125000004
344,446,2908943.792000005
842,446,640279.3210000012
251,446,437629.331000001
392,446,401609.23900000023
380,446,384232.8010000006
704,446,357510.9879999998
702,446,313512.1819999998
826,446,309532.4189999995
276,446,218963.76899999994
156,450,1060554.746999999
251,450,503538.91099999903
512,450,491747.07400000014
699,450,389450.3689999998
784,450,254125.93099999957
710,450,234593.8560000001
56,450,181164.93999999994
458,450,166812.15300000005
480,450,165728.41400000037
586,450,143643.62500000003
710,454,519244.7710000002
156,454,502875.70199999964
784,454,397753.8740000006
894,454,176314.52200000026
699,454,170630.19900000002
834,454,163325.389
508,454,111847.07500000003
826,454,94858.85499999994
414,454,89675.63
392,454,72459.60900000004
156,458,68812921.02000007
702,458,32546842.087000016
842,458,18795081.779000003
392,458,13831674.16299998
360,458,13114573.383000009
490,458,13088286.616999999
764,458,12589053.394000003
410,458,12062974.336000003
682,458,9588275.589000009
36,458,8331575.8260000255
699,462,632273.0030000005
784,462,620940.5120000009
156,462,522498.77600000013
512,462,347626.99199999985
702,462,322068.03299999976
458,462,219226.1830000003
144,462,165022.08600000016
764,462,102494.01999999976
842,462,75758.85699999996
276,462,71828.11399999996
384,466,1589021.1990000017
686,466,1218768.2330000042
156,466,802675.5560000002
251,466,335348.23599999864
854,466,268297.6270000001
784,466,192492.9380000001
40,466,181435.04799999992
699,466,125915.97799999978
56,466,120766.35299999994
276,466,118501.21100000005
380,470,2019502.0229999966
156,470,1093863.3530000008
792,470,1062186.8990000028
276,470,856680.2480000003
251,470,792460.9249999996
724,470,564384.4819999995
528,470,517543.18499999965
826,470,469120.0239999993
699,470,333843.6390000008
842,470,333780.35699999926
156,478,1060203.8939999973
504,478,322612.26400000066
724,478,262089.07300000003
251,478,249015.7909999999
76,478,233255.95500000016
784,478,233193.66499999992
792,478,169347.14200000043
842,478,164898.40799999985
360,478,156029.43700000003
528,478,141116.4490000003
156,480,1125040.800999999
784,480,707519.5260000014
699,480,673910.7149999989
710,480,651915.2969999993
251,480,449128.9889999999
512,480,286063.0829999999
276,480,212423.95899999977
392,480,185428.50300000023
724,480,153044.94000000047
842,480,145758.94600000032
842,484,292822828.9999995
156,484,88435167.81199996
276,484,20282320.308000065
410,484,16483859.766999986
392,484,13797937.975000022
704,484,9850226.210000006
76,484,8506193.153000003
124,484,7091057.529000006
380,484,6689441.274000009
724,484,6034179.3209999995
156,490,64440812.09099993
392,490,42086851.86800003
842,490,35953049.645000115
410,490,28243229.373000067
36,490,17232737.511000026
702,490,10021197.394000001
458,490,9618948.541000001
276,490,9425136.724999992
682,490,9151645.537999995
528,490,7464086.778000014
156,496,3453915.382000005
392,496,759965.5369999999
276,496,192946.125
702,496,171295.326
842,496,156555.389
757,496,151405.4509999998
398,496,124277.198
792,496,105021.88399999989
380,496,84683.94100000006
251,496,66299.50099999986
642,498,1537817.1239999935
804,498,1163331.5800000036
156,498,934558.4059999989
792,498,673836.5490000019
276,498,648930.2640000003
380,498,496705.1269999986
643,498,321637.2080000002
616,498,316117.48699999944
203,498,216552.38400000008
699,498,200529.9479999998
688,499,1310977.1480000012
156,499,439936.2860000004
70,499,382926.55700000114
191,499,321314.47200000024
380,499,308062.521
276,499,273804.32900000043
300,499,267513.87299999996
792,499,193817.19499999966
705,499,121178.13699999981
251,499,107023.41200000005
842,500,11856.41899999999
826,500,1051.2509999999995
56,500,984.0010000000001
528,500,816.0229999999999
757,500,678.62
392,500,498.601
156,500,412.6600000000001
388,500,354.322
642,500,247.502
670,500,245.76799999999997
724,504,12506361.460999995
156,504,7491674.425999994
251,504,7185195.45999998
842,504,5159751.441000005
276,504,3798150.5170000037
380,504,3234573.409999993
792,504,3202580.739999992
682,504,2400612.599999999
620,504,1570585.7529999963
699,504,1428756.4300000018
710,508,6094983.822000007
156,508,3050707.874999997
699,508,2286175.6190000093
784,508,1113696.9210000017
702,508,622688.2720000003
458,508,420559.9560000002
716,508,398522.525
512,508,374474.62200000003
48,508,343332.414
682,508,277601.86999999994
784,512,10193871.774999982
682,512,5014241.440000012
699,512,4278140.127000007
156,512,2921207.1720000086
634,512,2167098.6879999987
414,512,1742338.7800000014
842,512,1444938.979000003
392,512,1388934.3839999994
76,512,1217938.4329999979
276,512,845684.3749999991
710,516,3318918.801999994
156,516,683409.7459999998
699,516,496046.96599999914
784,516,318938.82800000004
842,516,242122.9970000001
682,516,236774.5579999997
604,516,202070.975
894,516,198667.79700000022
512,516,152146.01400000005
276,516,139660.36300000004
36,520,33518.537999999986
392,520,7440.425
242,520,6067.790999999995
686,520,6000.718
156,520,5994.197999999993
554,520,1603.067
842,520,1222.549
702,520,1134.4700000000007
458,520,797.552
360,520,477.17800000000017
699,524,7247593.892000022
156,524,1762916.0529999966
784,524,265676.9630000004
702,524,181338.22700000013
276,524,100210.84300000001
36,524,89538.81800000001
344,524,69165.02500000002
842,524,52357.333000000006
764,524,45887.44599999995
458,524,43998.78900000002
276,528,107089467.96800001
156,528,78297861.80700004
842,528,74184371.88100009
56,528,63602217.90500012
826,528,36813593.79200008
251,528,24420858.32200008
699,528,22945548.167000037
380,528,19948365.148000006
616,528,14762576.606000023
579,528,14180329.581999993
842,531,464843.5829999988
528,531,287894.0780000003
156,531,73390.1839999999
170,531,60559.86500000003
76,531,37393.18300000003
699,531,25472.528999999995
392,531,23725.438000000006
276,531,21368.199000000004
51,531,17303.641000000003
214,531,17034.197
842,533,597344.7139999989
528,533,169336.8129999999
156,533,66191.51899999993
76,533,40758.505000000034
170,533,39105.657
188,533,22093.421000000017
724,533,18656.812999999995
699,533,16014.621000000003
380,533,14919.076999999997
757,533,11432.448
842,534,808440.5400000006
528,534,66285.73199999996
251,534,35000.37800000001
76,534,13696.423000000003
757,534,9892.907000000001
276,534,4859.828999999999
724,534,4039.1519999999996
388,534,3874.6899999999987
124,534,3648.9210000000003
826,534,3628.2360000000003
124,535,341669.929
170,535,202075.152
528,535,139541.1790000002
251,535,21428.105999999996
826,535,8833.812999999993
76,535,3435.9389999999994
276,535,2060.623000000001
380,535,1657.331
208,535,1467.0130000000001
620,535,1457.7149999999997
251,540,933998.8099999998
702,540,417784.44600000005
36,540,385269.00599999994
156,540,152383.02399999995
554,540,88528.8190000001
458,540,87476.15499999997
380,540,56002.024
276,540,54878.403999999995
392,540,49559.51700000003
764,540,47929.291999999994
156,548,124062.7259999999
36,548,72085.45699999995
242,548,43328.433000000034
554,548,37864.28699999996
458,548,27219.62399999999
702,548,25215.073999999993
764,548,17250.12899999999
392,548,12574.228999999998
251,548,8958.541000000008
360,548,8450.187999999996
156,554,10045774.927999984
36,554,6171625.759000013
842,554,4332822.927999997
410,554,3706378.6310000014
392,554,3267531.0079999957
702,554,3266296.3589999974
458,554,1980869.6239999996
276,554,1911611.0839999989
764,554,1824975.1510000024
826,554,1242330.7410000023
842,558,2877076.174000006
156,558,1308631.7310000018
484,558,1017607.8130000007
320,558,993981.6919999977
340,558,879525.2919999994
188,558,699115.914
222,558,510252.29599999986
699,558,290127.6900000002
392,558,209107.092
76,558,183374.16799999998
156,562,531458.576999999
566,562,195070.7489999999
784,562,187912.51399999994
251,562,172537.45299999992
699,562,111401.30200000008
842,562,91777.53900000002
56,562,85940.73200000015
792,562,75424.25099999992
384,562,54129.991999999955
276,562,45032.262000000024
156,566,18963701.113000035
702,566,9350591.384000001
699,566,5428947.298000014
56,566,5140446.729000003
528,566,2589329.2590000043
842,566,2566035.1369999954
470,566,2265637.1060000006
826,566,1890783.8969999999
410,566,1699605.9600000046
643,566,1508224.6919999998
554,570,15443.695999999994
242,570,1000.7120000000002
784,570,302.946
703,570,250.293
36,570,193.15699999999998
392,570,164.418
76,570,140.519
792,570,74.776
124,570,49.276
528,570,23.369
36,574,16375.75900000001
242,574,4054.495
554,574,3901.063000000002
682,574,3629.008
458,574,1701.745
156,574,322.31
76,574,294.729
276,574,138.09799999999998
842,574,116.25
702,574,111.71799999999999
752,579,13381823.002999982
276,579,10511459.595000008
156,579,9747935.444999987
842,579,6175817.66400001
208,579,5350238.654000004
528,579,5341501.55
826,579,4184429.550000002
616,579,3472558.1739999927
56,579,3116346.023000007
380,579,2530939.974000006
702,580,87899.33700000004
392,580,17145.837
344,580,11593.661000000002
490,580,4996.960999999998
554,580,3243.4410000000034
764,580,1801.2119999999995
784,580,1208.7529999999997
36,580,1056.8840000000002
380,580,1039.602
251,580,735.712
842,583,44032.48100000001
156,583,25840.645999999986
392,583,15963.005999999998
490,583,6965.433000000004
36,583,5090.018000000001
764,583,4397.571000000001
702,583,4251.958
344,583,4076.081999999999
554,583,2534.6310000000008
56,583,1287.96
156,584,3507083.8579999986
392,584,1140571.6090000004
276,584,349523.97599999997
76,584,317921.3919999985
196,584,293556.12000000005
380,584,265527.821
208,584,263465.465
490,584,245662.71500000017
792,584,238593.08599999995
300,584,195004.07399999967
380,585,53394.146
156,585,42019.582000000024
842,585,17520.649000000016
792,585,16908.797000000017
392,585,9676.993999999999
490,585,6481.201000000006
300,585,3347.8279999999995
702,585,2730.3929999999996
76,585,2106.224
764,585,1840.065
156,586,15591680.873999992
634,586,6522134.583
784,586,5080435.631999993
682,586,4468965.3819999965
360,586,3175661.344000003
414,586,2139387.2249999978
842,586,2113839.9939999953
702,586,1203530.045999996
392,586,1120183.2659999998
276,586,1062339.3440000007
842,591,9995661.307999998
156,591,8088645.84899999
170,591,4668373.37100001
218,591,4469636.152999995
392,591,3894347.0670000017
724,591,2405435.5549999955
76,591,960887.3839999997
484,591,730748.1919999998
56,591,674449.3920000013
276,591,640624.316
36,598,1437460.8229999999
156,598,1288427.222000001
702,598,787073.3299999987
458,598,492590.7849999992
392,598,215378.06
360,598,196840.38299999986
764,598,177979.4350000002
490,598,167304.53
554,598,125984.87099999991
842,598,109843.85999999996
156,600,5286738.874000007
76,600,3699811.0700000073
842,600,1462208.1660000004
32,600,1162035.7440000023
152,600,432681.7840000003
276,600,299797.6280000001
699,600,298098.33599999925
392,600,260143.85400000005
702,600,219625.52599999972
784,600,187780.51299999992
156,604,13649336.744000006
842,604,11144650.55199999
76,604,3288728.331000004
32,604,2663162.2689999924
484,604,1751546.298999997
152,604,1506507.174999998
276,604,1225646.643
170,604,1198712.6319999995
124,604,1093589.5110000002
699,604,1074028.4639999988
156,608,51389287.79800004
360,608,11039780.907000015
702,608,9942368.956000004
392,608,9154061.34
842,608,8761641.084999986
764,608,7982177.723000006
458,608,5781888.574999997
490,608,5002231.685000008
344,608,3619473.477999999
36,608,2259528.494000003
842,612,3736.289
554,612,2343.511000000001
380,612,101.75500000000001
784,612,75.26
76,612,44.843
300,612,38.436
826,612,12.886000000000001
36,612,10.387
251,612,9.875
458,612,3.516
276,616,90814632.74700014
156,616,36786962.631000005
380,616,20983444.766999993
528,616,20764037.795999974
203,616,18485274.304000016
251,616,15375971.481000049
579,616,10524424.598999988
56,616,10242312.025999987
724,616,9754785.381999983
842,616,8972235.428
724,620,37837119.816999994
276,620,13230283.722000023
251,620,8039560.079000005
156,620,5880387.1530000055
380,620,5812094.449000007
528,620,5805003.513999983
76,620,3725063.7230000007
56,620,3530739.203999999
842,620,2429953.788
616,620,2154420.4629999995
686,624,157359.496
620,624,137741.6479999998
156,624,62644.11099999999
270,624,59265.029
586,624,21081.999000000003
528,624,18440.821999999996
682,624,12918.690999999999
724,624,12589.907000000001
699,624,9382.853000000003
792,624,9377.244999999995
360,626,340269.7109999999
156,626,261740.24299999987
702,626,85999.25400000013
490,626,45204.911
699,626,43263.606000000014
458,626,42777.69499999998
764,626,39678.215000000004
36,626,39505.849
792,626,31332.040000000008
842,626,18946.16100000001
784,634,5603954.695000006
156,634,4669289.955999996
842,634,4386435.833999995
826,634,3482465.3019999987
699,634,1877122.3790000014
380,634,1845705.918000001
276,634,1354076.8330000003
251,634,1299222.252999998
392,634,1188744.1740000003
682,634,1083964.036000001
276,642,24806840.310999952
380,642,11319098.561999988
348,642,8533381.463999998
616,642,8235905.858000002
156,642,7500733.188999991
792,642,6536424.687999999
100,642,5728706.60800002
251,642,5682225.514999999
528,642,5653557.718999994
40,642,4626366.872
156,643,110013940.83099984
792,643,10805512.732000014
276,643,9840530.968999984
398,643,9782132.472000021
380,643,5035423.081999999
784,643,4489185.875000004
699,643,4053982.485000005
51,643,3378524.515999998
860,643,3023085.135000003
757,643,2865809.0410000063
156,646,420369.3889999993
404,646,301877.374
800,646,280215.5460000005
834,646,188075.8300000001
784,646,159122.927
699,646,149642.19500000015
344,646,79746.70099999997
792,646,69605.25000000012
818,646,67305.36700000004
276,646,57939.41799999997
757,652,18365.971999999998
620,652,5053.925999999998
76,652,2219.5219999999995
392,652,1785.2439999999997
372,652,1758.9440000000002
276,652,1635.144
528,652,1420.957
724,652,1038.3890000000001
703,652,596.04
784,652,436.2740000000001
826,654,21382.289000000004
300,654,16549.912999999997
724,654,9856.493
710,654,9227.362
516,654,1559.241
203,654,947.28
76,654,905.2239999999999
276,654,728.155
458,654,382.105
620,654,345.853
842,659,158762.09900000022
380,659,33352.174999999996
156,659,25243.408999999985
392,659,7342.721000000001
826,659,7249.367000000003
792,659,7173.935000000001
76,659,6127.323999999994
388,659,6019.993999999999
670,659,5438.7350000000015
300,659,5100.028000000001
152,660,113587.41700000004
842,660,60588.071000000025
72,660,33586.06
392,660,2251.6530000000002
214,660,2031.9069999999997
528,660,1946.6669999999992
380,660,1466.2880000000002
124,660,1222.5930000000008
826,660,1213.029
76,660,1182.864
842,662,581837.2170000015
76,662,70638.174
156,662,44676.741000000104
826,662,30132.00700000002
392,662,18692.102
764,662,13394.812000000002
388,662,11197.618999999997
124,662,9865.338999999998
276,662,9556.566999999997
251,662,9407.794000000002
251,666,34274.485
124,666,21900.224000000002
528,666,1530.0830000000003
56,666,936.203
724,666,242.03900000000002
276,666,218.17000000000004
842,666,124.21000000000001
504,666,124.004
380,666,121.084
642,666,87.336
842,670,208840.1129999999
380,670,41926.04300000002
780,670,40199.12099999994
156,670,39409.70800000007
826,670,36789.511
36,670,23589.295000000006
528,670,17418.81099999999
792,670,13082.84100000001
251,670,9432.434000000008
214,670,9053.108000000006
276,674,95050.79999999994
380,674,50022.898
528,674,35939.09399999999
724,674,33686.11499999999
251,674,30057.04000000001
642,674,17853.56400000001
156,674,12283.082
705,674,11089.490000000003
579,674,11052.182
56,674,10688.689000000013
620,678,55128.95699999986
266,678,19184.139
156,678,11440.70600000001
792,678,6366.450999999998
392,678,4394.8279999999995
76,678,3720.7600000000007
528,678,2694.500000000002
724,678,2226.8080000000014
699,678,2047.3639999999998
56,678,1692.364
156,682,42292549.73999997
784,682,17837903.975999992
842,682,14034848.037999997
699,682,11167615.069000019
276,682,9620138.910999995
392,682,7838981.065
757,682,6815861.3980000215
410,682,5615115.236999989
826,682,5546256.461000007
818,682,5357095.694999982
156,686,4620195.870000012
251,686,1319827.4450000015
699,686,1150781.4399999972
566,686,954556.9300000004
784,686,845819.6560000018
643,686,828440.5030000004
56,686,756553.3850000005
528,686,569252.9520000005
792,686,451760.24600000033
724,686,432005.24300000013
276,688,5327284.090999996
156,688,3836843.8249999993
380,688,2780931.1089999923
348,688,2402095.242000002
792,688,2273911.9200000027
643,688,1694784.4740000027
642,688,1324133.26
705,688,1322811.5639999977
191,688,1313593.6279999965
70,688,1226173.8220000013
784,690,176508.93399999998
156,690,97282.10999999999
724,690,88995.8710000001
710,690,75260.33500000005
699,690,74821.9929999999
380,690,58809.853999999985
512,690,54434.593
251,690,46070.253000000055
702,690,41804.51600000001
826,690,30648.218999999986
156,694,611066.3240000004
699,694,274452.27699999977
784,694,100825.86900000002
842,694,93595.27
792,694,85369.4810000001
710,694,78502.5899999999
56,694,68116.47099999993
818,694,57608.096000000005
528,694,52721.958
76,694,44613.646000000015
156,699,120263852.95199989
643,699,66149331.879999995
842,699,42018238.740999974
784,699,38263481.89400005
682,699,34795739.81300003
368,699,29842816.838000003
360,699,23070345.070999943
36,699,20599620.11900001
410,699,19596512.31799996
392,699,18009714.56499998
156,702,66163785.51099994
458,702,47723055.707999945
842,702,41970038.34900004
490,702,40103038.672000065
410,702,25250049.737000015
392,702,18910658.567999993
360,702,14559902.16000003
764,702,12363171.640999967
784,702,12242525.999000011
251,702,11071645.384999985
203,703,19049241.61099996
276,703,18217534.858999997
348,703,7296238.396999991
616,703,6852395.535
410,703,6449233.0759999985
156,703,6111419.359000009
643,703,4943722.036999992
704,703,4621580.072000005
380,703,4314759.363999988
40,703,4183868.0860000066
156,704,134746111.76199993
702,704,16423754.046000011
392,704,15991221.852999995
344,704,14420343.426999984
490,704,11612718.01800001
458,704,11394487.955000019
764,704,11217485.524
842,704,9559934.317999994
36,704,7821365.192999995
360,704,7536618.661999996
757,705,11445587.796000035
276,705,6970408.067999978
380,705,6427731.358000013
156,705,5945435.056000003
40,705,4327749.444999999
191,705,2602562.8439999856
792,705,2104922.1339999973
348,705,1760864.1609999968
251,705,1492598.1089999967
616,705,1331311.2809999965
784,706,1524738.2630000021
156,706,1013009.457999999
699,706,779528.9410000002
792,706,424087.27799999947
512,706,256597.724
76,706,174602.292
404,706,154263.8189999999
231,706,142156.89099999997
458,706,122068.69299999998
360,706,97069.41999999995
156,710,22520613.66900006
276,710,9341508.954000015
699,710,7669586.364999992
842,710,6779979.130000018
784,710,4246477.947999995
682,710,3126415.8780000024
380,710,2542221.501999995
512,710,2532862.4049999984
566,710,2388767.920999997
764,710,2265710.2750000022
710,716,3473429.7430000086
156,716,1485245.3899999997
44,716,469429.172
702,716,456033.91799999925
784,716,384466.03200000024
48,716,326361.939
508,716,306962.06700000045
894,716,273269.3200000005
699,716,267743.0990000001
480,716,266688.22299999994
276,724,55066509.626000114
251,724,47249046.31599997
156,724,45851731.94899987
380,724,33944935.72899992
842,724,28155254.35100004
528,724,21906674.09900002
620,724,19463814.337000012
826,724,12070904.63699997
56,724,10771245.766999992
504,724,10535491.673000004
800,728,536417.194000001
784,728,413630.7339999985
404,728,226693.36499999982
156,728,160266.5290000001
842,728,50270.268000000025
699,728,40289.96099999994
818,728,27134.917999999998
392,728,25328.488
792,728,24640.96799999998
528,728,16561.756999999998
156,729,1288372.614
699,729,1199918.5410000004
818,729,982847.8900000006
784,729,860994.141
682,729,409502.5349999999
792,729,350426.873999999
800,729,116220.51599999997
56,729,85880.70599999996
360,729,82770.016
842,729,54284.158
842,740,431036.28500000027
156,740,329372.8549999998
528,740,244441.65900000004
392,740,53813.13700000001
784,740,50270.676999999974
76,740,46087.412
792,740,38867.04999999996
276,740,34500.51400000005
764,740,34165.90199999998
699,740,26118.96399999998
710,748,1517335.7960000013
156,748,159081.41899999944
699,748,73387.71800000008
842,748,46599.68499999995
508,748,26038.022000000004
372,748,22039.199
276,748,21143.93600000001
784,748,20511.288
380,748,15096.781999999994
392,748,14177.479000000003
276,752,30292233.52500003
528,752,19473177.409000028
579,752,15819282.22299999
208,752,11266830.910999974
156,752,10867613.287000012
56,752,9137333.48300001
246,752,8518366.285000011
616,752,7967155.919000006
842,752,7408481.088999984
251,752,6943126.401000003
276,757,70879715.05800003
380,757,31306883.36200002
842,757,31149541.315000027
251,757,21537970.81800006
156,757,19522652.228000008
705,757,13963618.22100002
40,757,10949913.765000025
784,757,10523558.28299999
724,757,9702291.178
860,757,8178808.916000001
792,760,2050205.072000003
784,760,458020.81600000034
156,760,356003.40200000047
818,760,298255.6739999999
400,760,117646.92399999988
682,760,115937.64899999999
699,760,60385.47699999997
380,760,51442.601000000075
276,760,46895.65499999999
144,760,43363.90400000001
156,762,3676746.932999995
398,762,859461.4909999993
860,762,488922.0489999994
792,762,405881.95300000015
784,762,254760.61099999998
757,762,215179.17000000004
276,762,86862.09999999998
440,762,69532.25600000002
699,762,51657.0459999999
380,762,37910.998
156,764,74458226.3040002
392,764,28932633.412999958
842,764,16199608.48699999
784,764,15818698.858000008
458,764,13485391.192000028
410,764,8671065.404
490,764,8609859.992999984
702,764,8274143.089
360,764,7942963.003999968
704,764,7737509.382000021
699,768,3854881.527000007
156,768,3777612.5560000003
528,768,892559.7079999994
56,768,690465.1950000011
842,768,379913.56400000013
344,768,321773.7310000002
792,768,309787.34099999926
458,768,294291.6340000001
384,768,232854.88499999986
251,768,222094.62500000035
380,772,3189.2129999999997
251,772,2962.936
528,772,2311.604
276,772,261.023
372,772,230.782
554,772,201.08900000000003
842,772,154.897
702,772,113.343
458,772,56.263000000000005
748,772,33.816
242,776,72639.89900000008
554,776,64609.17499999996
156,776,56700.11800000005
36,776,21789.160000000007
842,776,13325.543999999993
392,776,9442.313999999998
360,776,7631.745000000003
76,776,5316.438000000001
458,776,3962.6139999999996
702,776,3661.4419999999986
842,780,2061486.9839999978
156,780,557796.2039999999
76,780,289304.4600000001
124,780,199349.1539999997
392,780,182255.82499999998
276,780,151844.56100000013
56,780,148609.84799999974
826,780,130426.25400000006
554,780,127088.94200000001
251,780,126108.73400000005
156,784,73620558.26599993
699,784,32332250.34699987
842,784,22436517.003999986
682,784,12515208.52
392,784,11737449.542000012
757,784,11107480.940000026
704,784,11047282.216000004
276,784,9517939.560999999
826,784,9161697.63099999
324,784,9047661.386999993
380,788,3412022.132999993
251,788,3340077.6480000047
156,788,2560163.0439999984
643,788,2117546.471999999
276,788,2033022.1200000013
12,788,1810916.9670000023
792,788,1279849.9570000006
724,788,1059629.442
842,788,681815.1139999991
699,788,575251.1569999993
156,792,43177475.32100004
643,792,30978941.78700003
276,792,30804222.98999999
757,792,17031125.43199999
842,792,15517443.850999998
380,792,15386074.031000003
784,792,13176679.33399999
251,792,12206032.72900001
724,792,9595935.894000005
410,792,9476379.135000002
792,795,1011074.138999999
784,795,997595.8990000001
156,795,956672.3410000005
398,795,397160.71200000035
276,795,214918.9429999998
392,795,175570.76400000005
860,795,169511.0840000005
380,795,122931.48000000001
31,795,86114.801
528,795,71785.22700000001
842,796,352212.6720000001
214,796,21624.455000000064
380,796,14010.201000000006
392,796,12451.835
156,796,10472.820000000002
246,796,7806.115999999999
826,796,7082.431999999995
124,796,6698.5629999999965
266,796,6542.9800000000005
251,796,5540.679000000001
156,798,41895.155999999995
242,798,23418.300999999985
392,798,10946.11
36,798,10705.976999999999
554,798,3821.8709999999974
724,798,2745.467
490,798,1694.9599999999994
56,798,516.873
360,798,495.539
344,798,387.208
156,800,2043365.9810000046
784,800,1474740.3560000032
834,800,1360472.0540000005
404,800,950044.2519999995
699,800,829166.5760000005
392,800,400354.7409999997
682,800,396752.54800000065
710,800,277111.00400000013
288,800,234365.56500000006
643,800,201856.74399999992
156,804,7306423.344
616,804,6245505.119999991
276,804,5835748.844000024
792,804,3684170.945999993
703,804,2423673.8359999997
348,804,2422181.954999993
842,804,2359099.0139999995
380,804,2054306.1820000012
203,804,1888144.972000001
699,804,1638315.402999999
826,807,1562651.4669999992
300,807,1249194.307999999
276,807,1231881.7900000024
688,807,1059254.6249999977
156,807,1035034.0680000007
792,807,673662.4399999998
100,807,655948.4910000009
380,807,474616.28299999936
348,807,387086.6650000004
616,807,377892.73900000035
156,818,14782644.180000003
682,818,5691073.214000002
643,818,4957671.0979999965
276,818,4804537.737999998
842,818,4658988.324000007
699,818,3980990.0239999895
380,818,3491664.331000006
792,818,3482962.766000003
784,818,2960366.911000003
414,818,2788633.013999991
156,826,96429691.29900001
276,826,75311744.83600003
842,826,69245013.12499979
251,826,39071178.470000036
579,826,32749082.891000025
528,826,28562547.998999886
380,826,28351037.748999957
724,826,25720829.347000044
372,826,20862839.24999997
616,826,18984421.41200001
156,834,6928010.377999994
699,834,4084463.663000001
784,834,1494040.496000005
682,834,929151.3039999995
392,834,726419.9570000008
710,834,601231.3400000004
404,834,489910.37099999975
458,834,403669.0590000001
643,834,384388.429
792,834,344353.9850000007
484,842,459146170.0529994
156,842,440477681.67099947
124,842,417032445.76499933
276,842,166167106.10599992
392,842,141428571.5679999
410,842,117908699.64100002
704,842,117675984.632
699,842,80958346.91200022
490,842,75347011.08699994
380,842,68957380.8020001
384,854,803497.5280000016
156,854,755400.8039999994
643,854,523904.7930000001
288,854,375640.24299999996
251,854,368215.5060000004
699,854,286813.6929999999
768,854,206222.2180000001
842,854,150537.8300000002
56,854,125845.75599999985
528,854,111636.29700000008
76,858,3185597.0499999975
156,858,2490496.449999999
32,858,1497203.765999996
842,858,1315987.3660000006
566,858,530764.053
276,858,368910.7309999997
699,858,353046.8050000007
380,858,309566.47499999957
724,858,306292.344
600,858,261012.90399999975
156,860,12571776.811000017
643,860,6540923.764999995
398,860,3174296.003000001
410,860,2385882.1750000026
792,860,1915127.4659999942
276,860,1104689.1099999978
795,860,950066.5839999999
76,860,680194.2479999999
251,860,647779.6710000004
784,860,552766.8000000002
156,862,3449130.221000005
842,862,2431252.7050000075
76,862,1152747.254
170,862,673348.5969999993
792,862,365728.5320000002
124,862,190755.72699999996
380,862,159073.85900000005
699,862,155499.11200000005
724,862,146452.2749999999
604,862,137554.78899999996
242,876,18230.35199999996
251,876,16907.474999999988
554,876,6035.994999999999
36,876,2968.107999999999
156,876,2178.573
528,876,1709.718
842,876,1558.9309999999998
764,876,567.8270000000001
300,876,432.495
724,876,355.955
156,882,119300.40700000006
554,882,86664.17899999983
702,882,79744.43499999991
242,882,40021.83299999997
36,882,39852.18500000003
842,882,30704.062000000016
392,882,18713.864999999994
764,882,11011.652000000002
360,882,10088.214000000005
458,882,4979.641999999998
156,887,2676168.1920000007
784,887,1724987.3099999947
682,887,1321859.5009999997
792,887,896638.3550000001
699,887,845551.3380000008
76,887,608447.6739999999
36,887,427789.799
512,887,366150.7070000002
818,887,356288.38399999955
458,887,243485.65699999977
710,894,2810975.7129999977
156,894,1557481.7509999997
784,894,1026018.3329999996
392,894,445306.1090000002
699,894,438645.83300000045
702,894,373562.90999999986
516,894,335068.622
682,894,317148.42799999996
48,894,267732.04299999995
834,894,242186.8790000001
